OBJECTID,LWC_Ident,Name,BLM_Acres,BDY_Change,P_LWC,Size,Next_to_Wild_Preserve,Naturalness,Solitude,Manage,Comments,created_date,last_edited_date,GlobalID,AttachID,SHAPE_Length,SHAPE_Area
217,COS-060-028,Cebolla Creek,10561.68460705,,Yes,Yes,No,Yes,Yes,NOT_YET_CONSIDERED,Cebolla Creek,2013/07/18 20:11:41+00,2019/12/19 17:17:33+00,{57FE60E5-1E66-4EE0-A6B2-C5C03EB88DB3},103,95000.0139045108,42741703.0046778
218,COS-060-029,Sugar Creek,11654.57044888,Excessive Disturbance,Yes,Yes,No,Yes,Yes,NOT_YET_CONSIDERED,Sugar Creek,2013/07/18 20:11:41+00,2019/12/19 17:17:33+00,{152BC3F1-EB68-44FB-8118-C68148A36B99},123,62138.4321208141,47164456.0058925
219,COS-060-030,South Beaver Creek,7368.97725445,,Yes,Yes,No,Yes,Yes,NOT_YET_CONSIDERED,South Beaver Creek,2013/07/18 20:11:41+00,2019/12/19 17:17:33+00,{3AE8FDB6-37A0-46D6-A20D-3C0D34467C11},121,67159.06626602,29821322.7254909
220,COS-060-031,Stubbs Gulch,6369.62354574,,Yes,Yes,No,Yes,Yes,NOT_YET_CONSIDERED,Stubbs Gulch,2013/07/18 20:11:41+00,2019/12/19 17:17:33+00,{2855EE5C-A7C3-4FB8-9732-864B6A953AF4},122,55308.8806884658,25777009.6472145
221,COS-060-002,Upper Henson Creek,10.56670405,,Yes,No,Yes,Yes,Yes,NOT_YET_CONSIDERED,Upper Henson Creek,2013/07/18 20:11:41+00,2019/12/19 17:17:33+00,{0CA0D861-783D-4386-BC92-67C13B7289BC},129,1404.83985341599,42762.7904596476
222,COS-060-015,Eaton Creek,61.82156512,,Yes,No,Yes,Yes,Yes,NOT_YET_CONSIDERED,Eaton Creek,2013/07/18 20:11:41+00,2019/12/19 17:17:33+00,{CF0969B1-A5CA-4A95-9DAE-09F3A917C310},107,2242.88191592094,250182.997849594
223,COS-060-016,Devils Creek,1300.99493868,,Yes,No,Yes,Yes,Yes,NOT_YET_CONSIDERED,Devils Creek,2013/07/18 20:11:41+00,2019/12/19 17:17:33+00,{7C3671ED-16F5-4127-AAE2-2E9F8FC053F3},104,22478.5555318941,5264945.51246127
224,COS-060-014-A,Snare Creek,23.32747818,,Yes,No,Yes,Yes,Yes,NOT_YET_CONSIDERED,Snare Creek,2013/07/18 20:11:41+00,2019/12/19 17:17:33+00,{65E76EA6-1608-433D-8869-9BE95C4CC157},118,1783.66394825738,94402.954891799
225,COS-060-014-B,Snare Creek,291.96947917,,Yes,No,Yes,Yes,Yes,NOT_YET_CONSIDERED,Snare Creek,2013/07/18 20:11:41+00,2019/12/19 17:17:33+00,{7812C2E2-D92D-495E-9A17-2A458F40BFA0},119,8816.89415517276,1181558.56192843
226,COS-060-004,East Cinnamon Pass,386.94997754,,Yes,No,Yes,Yes,Yes,NOT_YET_CONSIDERED,East Cinnamon Pass,2013/07/18 20:11:41+00,2019/12/19 17:17:33+00,{C4FEDFE2-5025-48F2-B6DC-21D41CD56AAD},95,6630.74444230997,1565939.51224259
227,COS-060-013,Red Mtn Gulch Road,15.83511315,,Yes,No,Yes,Yes,Yes,NOT_YET_CONSIDERED,Red Mtn Gulch Road,2013/07/18 20:11:41+00,2019/12/19 17:17:33+00,{9EE51C92-C3F6-4018-B09E-0BEAFE23A994},113,1819.55604190143,64084.9608789587
228,COS-060-012,Red Mtn Gulch South,309.46014888,,Yes,No,Yes,Yes,Yes,NOT_YET_CONSIDERED,Red Mtn Gulch South,2013/07/18 20:11:41+00,2019/12/19 17:17:33+00,{CDED1A04-CB45-4168-AADB-6FA7ABF17123},99,6923.2766202707,1252352.36565263
229,COS-060-003,Gravel Mountain,5766.5358059,,Yes,Yes,Yes,Yes,Yes,NOT_YET_CONSIDERED,Gravel Mountain,2013/07/18 20:11:41+00,2019/12/19 17:17:33+00,{9D01AED9-E45E-4FBC-AD71-A5D1E4C13EDF},98,107396.345658959,23336395.8940764
230,COS-060-010,Wade Gulch South,31.24990618,,Yes,No,Yes,Yes,Yes,NOT_YET_CONSIDERED,Wade Gulch South,2013/07/18 20:11:41+00,2019/12/19 17:17:33+00,{68BC19FA-430A-4CB4-894B-CB357D945AD0},102,2205.06873428639,126465.652429544
231,COS-060-011,Silver Coin Gulch,1249.96771742,,Yes,No,Yes,Yes,Yes,NOT_YET_CONSIDERED,Silver Coin Gulch,2013/07/18 20:11:41+00,2019/12/19 17:17:33+00,{86C9E595-A962-4D74-8BB8-65AB7A8847DD},100,23611.5506846381,5058460.65467601
232,COS-060-008,Fanny Fern,28.12971848,,Yes,No,Yes,Yes,Yes,NOT_YET_CONSIDERED,Fanny Fern,2013/07/18 20:11:41+00,2019/12/19 17:17:33+00,{B1050FDE-E666-4F4F-B620-A17D5A296E34},97,1356.83150893189,113837.404184196
234,COS-060-018,Lower Big Buck Creek,40.53458536,,Yes,No,Yes,Yes,Yes,NOT_YET_CONSIDERED,Lower Big Buck Creek,2013/07/18 20:11:41+00,2019/12/19 17:17:33+00,{41B4C1F2-E404-40A6-B298-676B79BF85F4},111,1660.4919297623,164037.647109224
235,COS-060-022,Upper Trout Creek,192.60069351,,Yes,No,Yes,Yes,Yes,NOT_YET_CONSIDERED,Upper Trout Creek,2013/07/18 20:11:41+00,2019/12/19 17:17:33+00,{E7F2E127-8225-462F-9A45-1DBB609433E1},125,5233.12864773746,779427.353478873
237,COS-060-023,Indian Creek,12888.2668872,,Yes,Yes,Yes,Yes,Yes,NOT_YET_CONSIDERED,Indian Creek,2013/07/18 20:11:41+00,2019/12/19 17:17:33+00,{528817C6-84AB-45AD-85BD-39B4CE45A153},110,76768.6871090472,52157080.719373
238,COS-060-005,Dolly Varden Mtn,149.53047605,,Yes,No,Yes,Yes,Yes,NOT_YET_CONSIDERED,Dolly Varden Mtn,2013/07/18 20:11:41+00,2019/12/19 17:17:33+00,{743B80BD-1D40-4EB0-A405-87A7F6213980},93,6950.55725159095,605128.367353104
239,COS-060-001,North Engineer Pass,666.64424846,,Yes,No,Yes,Yes,Yes,NOT_YET_CONSIDERED,North Engineer Pass,2013/07/18 20:11:41+00,2019/12/19 17:17:33+00,{5EBA2F59-8ED0-4B86-9451-BC0B5D83F83C},128,16086.5683973147,2697816.6733815
240,COS-060-006,Boulder Gulch,1987.42933186,,Yes,No,Yes,Yes,Yes,NOT_YET_CONSIDERED,Boulder Gulch. Signed PDF not available at this time. ,2013/07/18 20:11:41+00,2019/12/19 17:17:33+00,{0B6DC0DD-3012-4CCC-894B-C025D7E21AF0},92,36096.9885743571,8042870.66581844
241,COS-060-017,Fourth of July Creek North,119.28283752,,Yes,No,Yes,Yes,Yes,NOT_YET_CONSIDERED,Fourth of July Creek North,2013/07/18 20:11:41+00,2019/12/19 17:17:33+00,{D398B271-3346-4695-AB42-67A8B4C4A24E},108,3201.30525717245,482720.517106794
242,COS-060-025,West Dempsey Gulch,3028.15028054,,Yes,No,Yes,Yes,Yes,NOT_YET_CONSIDERED,West Dempsey Gulch,2013/07/18 20:11:41+00,2019/12/19 17:17:33+00,{4926F7E7-FE2D-4AFB-9DB1-2AC7E8692A3B},126,39216.3281568663,12254548.2980028
243,COS-060-024,West Fork Powderhorn,7092.59410832,,Yes,Yes,Yes,Yes,Yes,NOT_YET_CONSIDERED,West Fork Powderhorn,2013/07/18 20:11:41+00,2019/12/19 17:17:33+00,{56990D25-482E-44C2-853F-CFD7970E4AB6},127,81200.8294759359,28702834.6105446
244,COS-060-007,El Paso Creek,2083.57351319,,Yes,No,Yes,Yes,Yes,NOT_YET_CONSIDERED,El Paso Creek,2013/07/18 20:11:41+00,2019/12/19 17:17:33+00,{256275E0-D268-45F0-83CC-61069DFB4E08},96,33645.4709289455,8431922.85337657
245,COS-060-019,Hells Canyon North,39.78222694,,Yes,No,Yes,Yes,Yes,NOT_YET_CONSIDERED,Hells Canyon North,2013/07/18 20:11:41+00,2019/12/19 17:17:33+00,{D07547BE-4956-4D23-BC95-2D3B06F0E952},109,1608.4566009306,160992.96059646
251,COS-060-027,Rock Creek,7379.50389451,Excessive Disturbance,Yes,Yes,No,Yes,Yes,NOT_YET_CONSIDERED,Rock Creek,2013/07/18 20:11:41+00,2019/12/19 17:17:33+00,{C51C3219-4342-4CB1-9106-E04D093CBE4C},114,54025.8245919575,29863833.7255332
253,CO-S05000-002,Dolores River Canyon WSA Adjacent,554.58554483,,Yes,No,Yes,Yes,Yes,OTHER_USES_PRIORITY,Dolores River Canyon Adjacent,2013/07/18 20:11:41+00,2022/08/23 17:56:03+00,{874BCC3D-58FA-4921-9B40-3DC0BB1587B1},4,11172.0000863324,2244328.07388307
254,CO-S05000-005,Shavano Creek,4961.25541528,,Yes,No,Yes,Yes,Yes,OTHER_USES_PRIORITY,Shavano Creek,2013/07/18 20:11:41+00,2020/04/13 21:01:22+00,{A4E5D9C7-2DE0-475F-885F-5E3D359863B2},12,36579.2354512057,20077488.340495
256,CO-S05000-003,Dry Creek Basin,7032.71990545,,Yes,Yes,No,Yes,Yes,OTHER_USES_WITH_RESTRICT,Dry Creek Basin,2013/07/18 20:11:41+00,2020/04/13 20:27:31+00,{247D1927-3889-4007-956B-979405D1D03F},6,56466.8468625751,28460407.7163179
257,CO-S05000-001,Camel Back WSA Adjacent,6950.72912309,,Yes,Yes,Yes,Yes,Yes,OTHER_USES_WITH_RESTRICT,Camel Back WSA Adjacent,2013/07/18 20:11:41+00,2022/08/23 17:54:57+00,{77202889-4B1E-45B9-A3BF-EB3C8CFF76A9},2,61228.310092257,28128602.7921587
259,CON-020-155,Troublesome SE,1801.47355281, ,Yes,No,,,Yes,OTHER_USES_WITH_RESTRICT,Signed PDF form not available at this time.,2013/07/19 14:49:40+00,2019/12/19 17:17:33+00,{DCE8B6E0-C1D9-4F61-A723-8A7F83C562BB},447,12537.3963930338,7290304.81697127
260,CON-020-155,Troublesome NW,511.56993889, ,Yes,No,,,Yes,WILD_PRIORITY,Signed PDF form not available at this time.,2013/07/19 14:49:40+00,2019/12/19 17:17:33+00,{AABDA26A-4962-4055-AF13-801F2403224E},445,6834.70788197753,2070250.09272351
261,CON-020-155,Troublesome NW,32.81890521, ,Yes,No,,,Yes,WILD_PRIORITY,Signed PDF form not available at this time.,2013/07/19 14:49:40+00,2019/12/19 17:17:33+00,{FF119D06-F583-45B1-BB3A-44F15606A9BE},446,4457.61777852189,132813.397320431
262,CON-020-171,Strawberry,5833.80247894, ,Yes,Yes,,,Yes,OTHER_USES_WITH_RESTRICT,Signed PDF form not available at this time.,2013/07/19 14:49:40+00,2019/12/19 17:17:33+00,{284395D7-0353-41C4-ABB6-E23BB32DBEA2},444,66441.8529315207,23608561.0289083
263,CON-020-168,Drowsy Water,7508.53199442, ,Yes,Yes,,,Yes,OTHER_USES_WITH_RESTRICT,Signed PDF form not available at this time.,2013/07/19 14:49:40+00,2019/12/19 17:17:33+00,{5A48B83E-51EB-4B99-A211-069CF7B62D21},443,39092.6167185867,30385950.9244147
265,CON-050-005,Gallowy Gulch,5178.69214897,,Yes,Yes,No,Yes,Yes,NOT_YET_CONSIDERED,Gallowy Gulch,2013/07/22 19:33:11+00,2019/12/19 17:17:33+00,{E2820B2B-3C19-4E7C-95E1-9F0B6A91F0D3},144,26564.575984358,20957423.5826798
266,CON-050-008,Ernie Howard Gulch,6395.12060795,,Yes,Yes,No,Yes,Yes,NOT_YET_CONSIDERED,Ernie Howard Gulch,2013/07/22 19:33:11+00,2019/12/19 17:17:33+00,{6E12269D-4D9B-4BFF-AA7E-785805C84ACD},142,23336.0784031595,25880134.9043161
267,CON-050-010,Shavetail Wash,15189.77771386,,Yes,Yes,No,Yes,Yes,NOT_YET_CONSIDERED,Shavetail Wash,2013/07/22 19:33:11+00,2019/12/19 17:17:33+00,{C5971401-86D2-4CF9-B18D-B0EA8343385A},158,74878.5474111379,61470849.4961668
268,CON-050-029,Big Ridge,24952.20373139,,Yes,Yes,No,Yes,Yes,OTHER_USES_WITH_RESTRICT,Big Ridge,2013/07/22 19:33:11+00,2019/12/19 17:17:33+00,{67BEE650-C51F-4DD2-B631-1DF51FC9243F},132,90869.5087633472,100977985.923411
269,CON-050-030,Banta Ridge,6354.72412816,,Yes,Yes,No,Yes,Yes,NOT_YET_CONSIDERED,Banta Ridge,2013/07/22 19:33:11+00,2019/12/19 17:17:33+00,{A7D0186F-5D36-41A6-B780-AFAE2F6D9B39},130,26050.6634231719,25716656.1506188
270,CON-050-013,Blair Mtn/Greasewood,36864.09461374,,Yes,Yes,No,Yes,Yes,NOT_YET_CONSIDERED,Blair Mtn/Greasewood,2013/07/22 19:33:11+00,2019/12/19 17:17:33+00,{DC9D5009-3642-43B1-8D47-E9B71B885C96},134,145833.673376231,149183698.043573
271,CON-050-016,Raven Ridge,5816.88173963,,Yes,Yes,No,Yes,Yes,OTHER_USES_WITH_RESTRICT,Raven Ridge,2013/07/22 19:33:11+00,2019/12/19 17:17:33+00,{C5C75B45-D9DC-4F9E-A360-3E295B63238E},157,30854.2071828698,23540085.2263793
272,CON-050-034,Bull WSA North,1114.71152078,,Yes,No,Yes,Yes,Yes,OTHER_USES_WITH_RESTRICT,Bull WSA North,2013/07/22 19:33:11+00,2019/12/19 17:17:33+00,{C96C822F-4BDA-4D98-AD27-6B16A5E63204},138,17200.0047869367,4511077.47699819
273,CON-050-025,Lower Wolf Creek,11559.11867472,,Yes,Yes,No,Yes,Yes,OTHER_USES_WITH_RESTRICT,Lower Wolf Creek,2013/07/22 19:33:11+00,2019/12/19 17:17:33+00,{191D91A8-E241-43C6-B0C8-892D44AA78C0},148,39585.6565180926,46778093.6460551
274,CON-050-026,Moosehead Mountain,7804.71037389,,Yes,Yes,Yes,Yes,Yes,WILD_PRIORITY,Moosehead Moutntain,2013/07/22 19:33:11+00,2019/12/19 17:17:33+00,{9569FDFA-F1C7-4A25-BD08-7B46A73CAFF5},150,50108.4754878617,31584542.3015348
275,CON-050-033,Bull WSA South,716.71170826,,Yes,No,Yes,Yes,Yes,WILD_PRIORITY,Bull WSA South,2013/07/22 19:33:11+00,2019/12/19 17:17:33+00,{8FC6260A-7322-4D7C-96C0-2838496593BB},139,8099.94192510965,2900429.37957081
276,CON-050-015,Hammond Draw,6147.91976624,,Yes,Yes,No,Yes,Yes,NOT_YET_CONSIDERED,Hammond Draw,2013/07/22 19:33:11+00,2019/12/19 17:17:33+00,{36F9E050-9357-4A5C-8259-460EFD5FD143},146,34106.9851776125,24879748.5903956
277,CON-050-017,Boise Creek,7145.49396586,,Yes,Yes,No,Yes,Yes,NOT_YET_CONSIDERED,Boise Creek,2013/07/22 19:33:11+00,2019/12/19 17:17:33+00,{DB298036-4363-47F5-A9EF-A7B9F015FAA9},136,28893.775416583,28916788.1469687
278,CON-050-011,Barcus Creek,12318.11010648,,Yes,Yes,No,Yes,Yes,NOT_YET_CONSIDERED,Barcus Creek,2013/07/22 19:33:11+00,2019/12/19 17:17:33+00,{A009E9C0-77B5-4A4F-9A01-229130128DFE},131,47803.1574358204,49849622.9962257
279,CON-050-06-D,Hells Hole Canyon,1104.39677926,,Yes,No,No,Yes,Yes,NOT_YET_CONSIDERED,Hells Hole Canyon. Signed PDF not available at this time.,2013/07/22 19:33:11+00,2019/12/19 17:17:33+00,{2DD5C308-2C99-4AAD-BFCB-1EC192509AF6},147,14720.9018342327,4469335.19902005
280,CON-050-06-B,Rat Hole Ridge North,1032.16016407,,Yes,No,No,Yes,Yes,NOT_YET_CONSIDERED,Rat Hole Ridge North,2013/07/22 19:33:11+00,2019/12/19 17:17:33+00,{34D9E277-9EAB-41AD-BF32-C5AFA210C4B6},155,9905.94794238869,4177003.9889271
281,CON-050-06-A,Bitter Creek,1631.41403965,,Yes,No,No,Yes,Yes,NOT_YET_CONSIDERED,Bitter Creek,2013/07/22 19:33:11+00,2019/12/19 17:17:33+00,{DF54BE5F-33A9-405D-99E5-B5197BEA8EDC},133,15214.1463483155,6602098.38395812
282,CON-050-06-C,Rat Hole Ridge South,423.51785667,,Yes,No,No,Yes,Yes,NOT_YET_CONSIDERED,Rat Hole Ridge South,2013/07/22 19:33:11+00,2019/12/19 17:17:33+00,{0D087A9A-B36D-48DC-8844-FF09DBC4AA1E},156,7524.75913580309,1713915.95825584
283,CON-050-003,Brushy Point,11534.75897987,,Yes,Yes,No,Yes,Yes,NOT_YET_CONSIDERED,Brushy Point,2013/07/22 19:33:11+00,2019/12/19 17:17:33+00,{B54CE3BE-5775-4D64-A133-37444198DC9D},137,78080.2410579924,46679513.4112315
295,CON-030-001,Bangs Canyon,20434.12938918,Excessive Disturbance,Yes,Yes,No,Yes,Yes,WILD_PRIORITY,Bangs Canyon. Signed PDF not available at this time.,2013/07/24 22:17:28+00,2019/12/19 17:17:33+00,{86C73B9F-77BB-45F1-9C3F-47505EC85C91},42,78095.6233449709,82693987.7547642
303,CON-030-009,East Demaree,4796.35405141,Exposed Utility Corridor,Yes,No,Yes,Yes,Yes,OTHER_USES_PRIORITY,East Demaree. Signed PDF not available at this time.,2013/07/25 15:11:01+00,2019/12/19 17:17:34+00,{EC752E7A-1F24-4EE0-88F6-9B08A89806E0},700,30766.7710403277,19410156.1970412
305,CON-030-010a,East Salt,17007.96508219,Excessive Disturbance,Yes,Yes,No,Yes,Yes,OTHER_USES_PRIORITY,Portion of East Salt found to have wilderness character. Signed PDF not available at this time.,2013/07/25 15:25:10+00,2019/12/19 17:17:34+00,{97CBAA30-D07B-48D8-B059-047E62A00C2A},48,84063.9474933332,62713320.262903
310,CON-030-014,Kings Canyon,9606.51620084,,Yes,Yes,No,Yes,Yes,OTHER_USES_PRIORITY,Kings Canyon. Signed PDF not available at this time.,2013/07/25 15:51:07+00,2019/12/19 17:17:34+00,{812CF01B-36C6-46F6-9CB9-E24A506A2FBC},53,45171.2105401242,38876191.7842593
313,CON-030-018-A,Lumsden Canyon,9989.03869328,Excessive Disturbance,Yes,Yes,No,Yes,Yes,OTHER_USES_PRIORITY,Portion of Lumsden Canyon found to have wilderness character. Signed PDF not available at this time.,2013/07/25 16:10:06+00,2019/12/19 17:17:34+00,{4CC16511-5949-44B3-B0DE-A574B61B1E42},702,56839.8050687935,40424205.3895176
316,CON-030-020,Maverick,20368.92589744,,Yes,Yes,No,Yes,Yes,WILD_PRIORITY,Maverick. Signed PDF not available at this time.,2013/07/25 16:30:27+00,2019/12/19 17:17:34+00,{C3573AC3-CCB1-4C9F-8B5C-2B058609C697},704,121279.020484854,82430118.5854499
322,CON-030-027,Spink Canyon,13081.15786598,,Yes,Yes,Yes,Yes,Yes,OTHER_USES_PRIORITY,Spink Canyon. Signed PDF not available at this time.,2013/07/25 17:10:07+00,2019/12/19 17:17:34+00,{8819CD5A-6330-40E5-8937-3C5C650D8AF5},62,62986.5029794653,52937567.7223517
323,CON-030-028-A,Spring Canyon,8847.98916159,Excessive Disturbance,Yes,Yes,No,Yes,Yes,OTHER_USES_PRIORITY,Portion of Spring Canyon found to have wilderness character. Signed PDF not available at this time.,2013/07/25 17:22:37+00,2019/12/19 17:17:34+00,{7D353D7B-DF58-4D2F-8CB4-F16B25FC002C},63,51356.5460061679,35806541.7639252
328,CON-030-030-A,Unaweep West,7154.51372059,,Yes,Yes,No,Yes,Yes,WILD_PRIORITY,Unaweep West. Signed PDF not available at this time.,2013/07/25 17:51:03+00,2019/12/19 17:17:34+00,{DF96C4D4-520D-4A8A-9A68-07588ED41A83},1136,28072.2869613143,28953289.7993384
329,CON-030-031,West Creek,111.37896438,,Yes,No,Yes,Yes,Yes,OTHER_USES_PRIORITY,West Creek. Signed PDF not available at this time.,2013/07/25 17:52:37+00,2019/12/19 17:17:34+00,{1EE03798-D13C-4C7B-A120-8D27F231DD24},1137,6096.85487302104,450734.677317093
353,CON-040-316,Grand Hogback,11356.22366159,,Yes,Yes,No,Yes,Yes,OTHER_USES_PRIORITY,CO-070-316 Grand Hogback. Signed PDF not available at this time.,2013/07/25 20:11:10+00,2019/12/19 17:17:34+00,{46DDBFA6-97F9-4010-91E6-EB9DA43DA209},1539,67749.2021965392,45957006.6590962
354,CON-040-371,Thompson Creek,8227.37905818,,Yes,Yes,No,Yes,Yes,WILD_PRIORITY,CO-070-371 Thompson Creek. Signed PDF not available at this time.,2013/07/25 20:11:10+00,2019/12/19 17:17:34+00,{5BDB43B3-0B90-40C9-BBF4-EB9EF2FDF394},1542,33708.2757939658,33295021.7811255
355,CON-040-425,Flat Tops Addition,3541.67650581,,Yes,No,Yes,Yes,Yes,WILD_PRIORITY,CO-070-425 Flat Tops Addition. Signed PDF not available at this time.,2013/07/25 20:11:10+00,2019/12/19 17:17:34+00,{2E763540-010C-4D7C-B54C-36148AE4F36E},1538,24218.3276107889,14332656.313617
356,CON-040-441-A,Deep Creek,4418.35369006,,Yes,No,Yes,Yes,Yes,WILD_PRIORITY,CO-070-441 Deep Creek. Signed PDF not available at this time.,2013/07/25 20:11:10+00,2019/12/19 17:17:34+00,{E91182C7-9D1F-47A2-B867-1BCB18699611},1537,30414.4281544473,17880443.0070462
357,CON-040-421,Pisgah Mountain,14539.87432131,,Yes,Yes,No,Yes,Yes,OTHER_USES_WITH_RESTRICT,Signed PDF not available at this time.,2013/07/25 20:11:10+00,2019/12/19 17:17:34+00,{AE33A8A1-46E2-47F0-B900-D5B8C51FECD2},1540,64388.4978199938,58840783.7780924
358,CON-040-433,Castle Peak Addition,3902.13413271,,Yes,No,Yes,Yes,Yes,WILD_PRIORITY,CO-070-433 Castle Peak Addition. Signed PDF not available at this time.,2013/07/25 20:11:10+00,2019/12/19 17:17:34+00,{163A15DF-9665-4D7D-8C8D-A27038F5667E},1536,32168.8551788581,15791376.5760129
361,CON-040-RoanB,East Fork,8332.9645697,,Yes,Yes,No,Yes,Yes,OTHER_USES_PRIORITY,CO-070-RoanB East Fork,2013/07/25 20:11:10+00,2019/12/19 17:17:34+00,{81E29F51-69D7-49EE-901F-72170531E246},188,73055.9885218987,33722311.1865246
362,CON-040-RoanC,Northeast Cliffs,5801.01004059,,Yes,Yes,No,Yes,Yes,OTHER_USES_PRIORITY,CO-070-RoanC Northeast Cliffs,2013/07/25 20:11:10+00,2019/12/19 17:17:34+00,{95FE71B7-DB8D-4421-8E77-C744C26D0776},189,40945.2417762425,23475854.7391883
384,CON-060-006,Gunnison Slopes,5194.54478458,,Yes,Yes,No,Yes,Yes,OTHER_USES_PRIORITY,Gunnison Slopes. Signed PDF not available at this time.,2013/08/07 19:29:23+00,2019/12/19 17:17:34+00,{D7043025-9BB2-4D75-B340-02AD934FDA37},51,33492.6438729396,21021576.922931
385,CON-060-004,Dominguez Addition,3025.38553056,,Yes,No,Yes,Yes,Yes,OTHER_USES_PRIORITY,Dominguez Addition,2013/08/07 19:33:13+00,2019/12/19 17:17:34+00,{4423A38A-1B69-4818-9709-FBBF2988B10E},5,21298.497366064,12243300.8645779
386,CON-060-002,Dry Fork,7021.40026501,,Yes,Yes,No,Yes,Yes,WILD_PRIORITY,Dry Fork,2013/08/07 19:45:23+00,2019/12/19 17:17:34+00,{B8348435-25DD-4CE6-82F0-71D95C3FC953},7,46467.2735388536,28414598.7566803
387,CON-060-001,Cottonwood,6576.46092219,,Yes,Yes,No,Yes,Yes,WILD_PRIORITY,Cottonwood,2013/08/07 20:06:03+00,2019/12/19 17:17:34+00,{61C354DA-6333-4E73-BCEA-97685D00DB27},3,48191.9830274484,26613993.1196093
394,CON-010-004,Hells Canyon,9903.39252474,Excessive Disturbance,Yes,Yes,No,Yes,Yes,NOT_YET_CONSIDERED,"Hells Canyon, Old #206, Polygons removed due to O/G. Signed PDF not available at this time.",2013/09/18 21:23:06+00,2019/12/19 17:17:34+00,{B03781CF-BF59-4602-BD98-D38EBB7CFD4D},363,40898.5707721835,40077607.6422931
395,CON-010-003,Hiawatha,8977.98175576,Excessive Disturbance,Yes,Yes,No,Yes,Yes,NOT_YET_CONSIDERED,"Hiawatha, Old #205, Several polygons & cherry stem removed due to O/G. Signed PDF not available at this time.",2013/09/18 21:23:06+00,2019/12/19 17:17:34+00,{71D09CD9-6B06-4F97-BD7D-A9CF94D87D5E},366,31884.8447000226,36332603.1285005
397,CON-010-005,Racetrack Flat,5529.97988238,,Yes,Yes,No,Yes,Yes,NOT_YET_CONSIDERED,"Racetrack Flat, Old #207, No boundary changes. Signed PDF not available at this time.",2013/09/18 21:23:06+00,2019/12/19 17:17:34+00,{1EB23A3D-BD39-45BD-B5C9-D3F709E25499},397,26259.6236772159,22379034.6027391
401,CON-010-006,Eagle Rock Draw,8125.60542971,Excessive Disturbance,Yes,Yes,No,Yes,Yes,NOT_YET_CONSIDERED,"Eagle Rock Draw, Old #231, Polygons removed by BLM due to O/G, Cherry stem MCR.68E. Signed PDF not available at this time.",2013/09/18 21:23:06+00,2019/12/19 17:17:34+00,{8A50DB74-C418-4A30-9564-A5B552B059F9},347,32462.9554706533,32883158.5191019
407,CON-010-A01,West Cold Springs WSA Adjacent,413.7672383,,Yes,No,Yes,Yes,Yes,WILD_PRIORITY,"West Cold Springs WSA Adjacent, Managed for LWC. Signed PDF not available at this time. ",2013/09/18 21:23:06+00,2019/12/19 17:17:34+00,{7CCC56FF-972C-455C-A6A7-68723E92C515},,8101.9566421728,1674456.60571299
410,CON-010-A02,West Cold Springs WSA Adjacent,1576.30072219,,Yes,No,Yes,Yes,Yes,WILD_PRIORITY,"West Cold Springs WSA Adjacent, Managed for LWC. Signed PDF not available at this time. ",2013/09/18 21:23:06+00,2019/12/19 17:17:34+00,{2917591F-647E-48C6-9014-FD681F17D3FB},,19488.0730795093,6379062.70121507
411,CON-010-055,Fly Creek,9161.44696454,Excessive Disturbance,Yes,Yes,No,Yes,Yes,NOT_YET_CONSIDERED,"Fly Creek, Old #316, Polygons removed by BLM due to O/G & cherry stem routes. Signed PDF not available at this time.",2013/09/18 21:23:06+00,2019/12/19 17:17:34+00,{E89A80C4-2F2D-4FFB-B49E-9CF97DFAA627},353,80393.3544651346,37075060.4869113
418,CON-010-A03,West Cold Springs WSA Adjacent,177.9577024,,Yes,No,Yes,Yes,Yes,WILD_PRIORITY,"West Cold Springs WSA Adjacent, Managed for LWC. Signed PDF not available at this time. ",2013/09/18 21:23:06+00,2019/12/19 17:17:34+00,{26DB91BE-4B49-4ED1-A1C6-7977F30B2AF4},,4183.79129711066,720169.270890473
419,CON-010-007,Limestone Ridge,6441.82802965,,Yes,Yes,No,Yes,Yes,NOT_YET_CONSIDERED,"Limestone Ridge, Old #209, No boundary changes. Signed PDF not available at this time.",2013/09/18 21:23:06+00,2019/12/19 17:17:34+00,{AE4AB205-A7D0-456A-A0BF-27D03178C2A9},375,32933.6250048571,26069153.133784
420,CON-010-A07,West Cold Springs WSA Adjacent,41511.95881135,,Yes,Yes,Yes,Yes,Yes,WILD_PRIORITY,"West Cold Springs WSA Adjacent, Old #s 208 208c 208d 208e & 215, Managed for LWC. Signed PDF not available at this time. ",2013/09/18 21:23:06+00,2019/12/19 17:17:34+00,{89CBB3AA-E317-4E33-985E-BDF6E4AFE19C},,106012.735926298,167992937.122136
421,CON-010-A04,West Cold Springs WSA Adjacent,79.8316603,,Yes,No,Yes,Yes,Yes,WILD_PRIORITY,"West Cold Springs WSA Adjacent, Managed for LWC. Signed PDF not available at this time. ",2013/09/18 21:23:06+00,2019/12/19 17:17:34+00,{15948E06-8D7D-4F62-A0DF-E70276C71F13},,2412.68076534963,323067.267212833
423,CON-010-008,Vermillion,52901.85381628,,Yes,Yes,No,Yes,Yes,WILD_PRIORITY,"Vermillion, Old #s 210 210b 210c 210d & 210i, Managed for LWC. Signed PDF not available at this time.",2013/09/18 21:23:06+00,2019/12/19 17:17:34+00,{42718E59-10CC-4D52-9225-94A45089CF9D},1543,125074.964968457,214086206.873276
425,CON-010-A06,West Cold Springs WSA Adjacent,807.65121398,,Yes,No,Yes,Yes,Yes,WILD_PRIORITY,"West Cold Springs WSA Adjacent, Managed for LWC. Signed PDF not available at this time. ",2013/09/18 21:23:06+00,2019/12/19 17:17:34+00,{85577916-F695-4BC3-AF5B-148CB4B01504},,9378.81930389798,3268448.50233681
427,CON-010-A05,West Cold Springs WSA Adjacent,2990.29291823,,Yes,No,Yes,Yes,Yes,WILD_PRIORITY,"West Cold Springs WSA Adjacent, Managed for LWC. Signed PDF not available at this time. ",2013/09/18 21:23:06+00,2019/12/19 17:17:34+00,{F4FE86B5-3E24-472C-B77A-09FBC92AD059},,21317.2429655643,12101286.1009835
428,CON-010-023,Upper Little Snake,11459.02423344,Excessive Disturbance,Yes,Yes,No,Yes,Yes,NOT_YET_CONSIDERED,"Upper Little Snake, Old #254, AECOM #406, Polygons removed due to routes & lack of solitude. Signed PDF not available at this time.",2013/09/18 21:23:06+00,2019/12/19 17:17:34+00,{C11863F4-9A04-436D-91CA-FD60117C8A0C},423,59579.8694798564,46373025.8135198
429,CON-010-022,Spence Gulch,5358.58914651,,Yes,Yes,No,Yes,Yes,NOT_YET_CONSIDERED,"Spence Gulch, Old #247, AECOM #118, No boundary changes. Signed PDF not available at this time.",2013/09/18 21:23:06+00,2019/12/19 17:17:34+00,{B7C57EF7-F3D2-43ED-A396-854E543A542B},415,33263.07419931,21685440.9025534
430,CON-010-A08,Diamond Breaks WSA Adjacent,1397.88508077,,Yes,No,Yes,Yes,Yes,NOT_YET_CONSIDERED,Diamond Breaks WSA Adjacent. Signed PDF not available at this time. ,2013/09/18 21:23:06+00,2019/12/19 17:17:34+00,{65D4E669-6A5E-42E4-AFAB-675F643A3301},,16034.3032346309,5657040.21688979
431,CON-010-029,West Sevenmile,6326.20880958,,Yes,Yes,No,Yes,Yes,NOT_YET_CONSIDERED,"West Sevenmile, Old #253, AECOM #353, No boundary changes. Signed PDF not available at this time.",2013/09/18 21:23:06+00,2019/12/19 17:17:34+00,{35E33168-EA89-4E64-82BC-24CE6170008C},438,27237.3328081996,25601258.7505041
433,CON-010-A15,Ant Hills/Chew Winter Camp/Peterson Draw/Vale of Tears WSA Adjacent,26991.16119301,,Yes,Yes,Yes,Yes,Yes,WILD_PRIORITY,"Ant Hills/Chew Winter Camp/Peterson Draw/Vale of Tears WSA Adjacent , Old #s 218 219d 223 225 226 227 & 227a, Southern portion of polygon next to WSA managed for LWC. Signed PDF not available at this time. ",2013/09/18 21:23:06+00,2019/12/19 17:17:34+00,{DC252EC5-158E-447B-839B-EC1610299599},,164207.447637962,109229354.021977
434,CON-010-A10,Diamond Breaks WSA Adjacent,39.9938119,,Yes,No,Yes,Yes,Yes,NOT_YET_CONSIDERED,Diamond Breaks WSA Adjacent. Signed PDF not available at this time. ,2013/09/18 21:23:06+00,2019/12/19 17:17:34+00,{BEDE6945-9662-4687-9BAE-F809E6E79FA6},,1609.22170290788,161849.21453078
435,CON-010-A11,Diamond Breaks WSA Adjacent,159.90349748,,Yes,No,Yes,Yes,Yes,NOT_YET_CONSIDERED,Diamond Breaks WSA Adjacent. Signed PDF not available at this time. ,2013/09/18 21:23:06+00,2019/12/19 17:17:34+00,{CC4DBAA2-194A-4C89-94AD-947FFB15B177},,4022.48513057847,647106.495758912
437,CON-010-009,Douglas Draw,6360.07576629,Developed Right of Way,Yes,Yes,No,Yes,Yes,NOT_YET_CONSIDERED,"Douglas Draw, Old #220a, Cherry stem route from state to private. Signed PDF not available at this time.",2013/09/18 21:23:06+00,2019/12/19 17:17:34+00,{4D22EACF-9032-44D8-B8D2-6470C90C1E34},343,55834.7158734921,25738313.4617566
439,CON-010-A13,Diamond Breaks WSA Adjacent,159.64393492,,Yes,No,Yes,Yes,Yes,NOT_YET_CONSIDERED,Diamond Breaks WSA Adjacent. Signed PDF not available at this time. ,2013/09/18 21:23:06+00,2019/12/19 17:17:34+00,{9D1BBBEC-D9D2-4407-A014-A770F785497B},,4018.28103313882,646056.083313588
443,CON-010-A16,Ant Hills WSA Adjacent,837.29466944,,Yes,No,Yes,Yes,Yes,WILD_PRIORITY,Ant Hills WSA Adjacent. Signed PDF not available at this time. ,2013/09/18 21:23:06+00,2019/12/19 17:17:34+00,{4AE5617E-5300-4F26-80BA-0B6FA564CAE3},,10465.7658969657,3388411.31047679
445,CON-010-A20,Ant Hills/Chew Winter Camp/Peterson Draw/Vale of Tears WSA Adjacent,46840.87487834,,Yes,Yes,Yes,Yes,Yes,WILD_PRIORITY,"Ant Hills/Chew Winter Camp/Peterson Draw/Vale of Tears WSA Adjacent, Old #s 229 229c 229d & 229e, Managed for LWC. Signed PDF not available at this time.  ",2013/09/18 21:23:06+00,2019/12/19 17:17:34+00,{ADD8CBBF-A9AF-43B8-ACC4-17A8B1EFE664},,224445.612145819,189558295.33226
451,CON-010-A25,Cross Mountain WSA Adjacent,351.19444757,,Yes,No,Yes,Yes,Yes,NOT_YET_CONSIDERED,Cross Mountain WSA Adjacent. Signed PDF not available at this time. ,2013/09/18 21:23:06+00,2019/12/19 17:17:34+00,{B9EB6737-934E-49F7-B265-77422A53C4E0},,8828.47590008779,1421233.50567813
452,CON-010-A19,Peterson Draw WSA Adjacent,122.50759846,,Yes,No,Yes,Yes,Yes,NOT_YET_CONSIDERED,"Peterson Draw WSA Adjacent, Managed for LWC. Signed PDF not available at this time. ",2013/09/18 21:23:06+00,2019/12/19 17:17:34+00,{B2AB6A6F-6859-4293-89E1-B99EDFB75E45},,3174.60334729439,495770.661618706
454,CON-010-A27,Cross Mountain WSA Adjacent,140.29742911,,Yes,No,Yes,Yes,Yes,NOT_YET_CONSIDERED,Cross Mountain WSA Adjacent. Signed PDF not available at this time. ,2013/09/18 21:23:06+00,2019/12/19 17:17:34+00,{EBE79B06-842E-42B5-AAE0-9697C087DA7C},,4523.89759354376,567763.552031056
456,CON-010-A30,Cross Mountain WSA Adjacent,577.99574999,,Yes,No,Yes,Yes,Yes,NOT_YET_CONSIDERED,Cross Mountain WSA Adjacent. Signed PDF not available at this time. ,2013/09/18 21:23:06+00,2019/12/19 17:17:34+00,{7FCB0B9D-686B-469F-A434-BF4FA7C5B7A7},,9407.55174645981,2339065.81296462
461,CON-010-A32,Cross Mountain WSA Adjacent,2564.44864079,,Yes,No,Yes,Yes,Yes,NOT_YET_CONSIDERED,Cross Mountain WSA Adjacent. Signed PDF not available at this time. ,2013/09/18 21:23:06+00,2019/12/19 17:17:34+00,{39E7F8A3-DB29-4118-A214-8433F41C4765},,16423.2508465362,10377955.451913
462,CON-010-A21,Vale of Tears WSA Adjacent,117.28662324,,Yes,No,Yes,Yes,Yes,NOT_YET_CONSIDERED,"Vale of Tears WSA Adjacent, Managed for LWC. Signed PDF not available at this time. ",2013/09/18 21:23:06+00,2019/12/19 17:17:34+00,{51BA2A9B-61FF-4D48-AB36-82B6B09DC892},,3173.75204909109,474642.124533826
468,CON-010-028,Sevenmile Ridge,9768.42602235,,Yes,Yes,No,Yes,Yes,NOT_YET_CONSIDERED,"Sevenmile Ridge, Old #s 246 & 252, AECOM #351, No boundary changes. Signed PDF not available at this time.",2013/09/18 21:23:06+00,2019/12/19 17:17:34+00,{55FFC220-35B1-4F51-81B2-27608BBDE7D0},410,38678.7927602213,39531417.5852934
469,CON-010-030,Sevenmile Draw,6926.79631575,Excessive Disturbance,Yes,Yes,No,Yes,Yes,NOT_YET_CONSIDERED,"Sevenmile Draw, Old #258, AECOM #364, Cherry stem #LS-364-R03. Signed PDF not available at this time.",2013/09/18 21:23:06+00,2019/12/19 17:17:34+00,{1F7FCF49-AC29-443B-B6AC-B2C3493D7C63},408,30947.2617190884,28031750.1570517
490,CON-010-047,Cherokee Draw,9639.69182967,Excessive Disturbance,Yes,Yes,No,Yes,Yes,NOT_YET_CONSIDERED,"Cherokee Draw, Old #s 237 & 238, AECOM #291, Polygons removed due to O/G & cherry stemmed routes. Signed PDF not available at this time.",2013/09/18 21:23:06+00,2019/12/19 17:17:34+00,{0AB7E45F-B63B-435C-8AA0-648429016D32},322,54383.5346342333,39010448.7908439
495,CON-010-046,Anthill Draw,7606.91007316,Excessive Disturbance,Yes,Yes,No,Yes,Yes,NOT_YET_CONSIDERED,"Anthill Draw, Old #236, AECOM #290, Polygons removed due to LS-290-R05 & O/G. Signed PDF not available at this time.",2013/09/18 21:23:06+00,2019/12/19 17:17:34+00,{58E40586-84B7-485F-A282-6DCC5E379AF9},306,35133.540316045,30784072.8841962
498,CON-010-021,Reservoir Draw,5834.09807764,Excessive Disturbance,Yes,Yes,No,Yes,Yes,NOT_YET_CONSIDERED,"Reservoir Draw, Old #s 242 & 242a, AECOM #318, Polygon removed due to routes & lack of solitude. Signed PDF not available at this time.",2013/09/18 21:23:06+00,2019/12/19 17:17:34+00,{D224E6A4-E6A8-4CA4-900C-973ABBCCC52C},398,24542.7850769885,23609757.2744069
500,CON-010-020,Dougout Draw,10991.6720918,,Yes,Yes,No,Yes,Yes,NOT_YET_CONSIDERED,"Dougout Draw, Old #246, AECOM #332, No boundary changes. Signed PDF not available at this time.",2013/09/18 21:23:06+00,2019/12/19 17:17:34+00,{D29856E8-C048-4A0C-8067-69EB5F9EB79E},345,30857.3898230963,44481718.7976065
505,CON-010-044,Axial Basin,9458.71456147,Excessive Disturbance,Yes,Yes,No,Yes,Yes,NOT_YET_CONSIDERED,"Axial Basin, No old #, Polygon removed & cherry stem due to routes. Signed PDF not available at this time.",2013/09/18 21:23:06+00,2019/12/19 17:17:34+00,{55180A13-D50E-45FE-AF19-DF415D9B47BC},309,61781.6342155565,38278059.7707175
509,CON-010-017,Beaver Slide Draw,5005.09157147,Excessive Disturbance,Yes,Yes,No,Yes,Yes,NOT_YET_CONSIDERED,"Beaver Slide Draw, Old #239, Polygon removed & cherry stem due to O/G. Signed PDF not available at this time.",2013/09/18 21:23:06+00,2019/12/19 17:17:34+00,{F316EE40-753C-4040-9B98-2238B9530159},313,35586.3714721226,20254886.9707114
511,CON-010-015,East Dry Creek,7435.43737058,,Yes,Yes,No,Yes,Yes,NOT_YET_CONSIDERED,"East Dry Creek, Old #s 213 & 213a, No boundary changes. Signed PDF not available at this time.",2013/09/18 21:23:06+00,2019/12/19 17:17:34+00,{7DF6D6F9-0F9A-45D0-96CC-31B97FA01A3C},352,25570.9494197573,30090147.4764974
512,CON-010-048,Big Hole,5543.43907661,Excessive Disturbance,Yes,Yes,No,Yes,Yes,NOT_YET_CONSIDERED,"Big Hole, Old #296, Polygons & cherry stem removed due to MCR.159 & O/G. Signed PDF not available at this time.",2013/09/18 21:23:06+00,2019/12/19 17:17:34+00,{E98625B0-B535-4FB7-9546-F1A9D9343DB7},315,41646.8118449711,22433502.0293797
515,CON-010-019,Coffeepot Spring,12731.58839277,Excessive Disturbance,Yes,Yes,No,Yes,Yes,NOT_YET_CONSIDERED,"Coffeepot Spring, Old #s 250 251 & 251a, Polygon removed & cherry stem due to O/G. Signed PDF not available at this time.",2013/09/18 21:23:06+00,2019/12/19 17:17:34+00,{B9657A07-DA27-4302-B252-FA99A7112057},325,39543.8922530469,51522910.254622
517,CON-010-049,Greasewood Gulch,8129.94576998,Excessive Disturbance,Yes,Yes,No,Yes,Yes,NOT_YET_CONSIDERED,"Greasewood Gulch, Old #312, Polygons removed by BLM due to pipeline & cherry stem route. Signed PDF not available at this time.",2013/09/18 21:23:06+00,2019/12/19 17:17:34+00,{8774F459-5745-49E7-A1AF-911A88B6092C},358,46933.8100996865,32900723.2530221
520,CON-010-013,South Vermillion Bluffs,5173.45349155,,Yes,Yes,No,Yes,Yes,NOT_YET_CONSIDERED,"South Vermillion Bluffs, Old # 248, No boundary changes. Signed PDF not available at this time.",2013/09/18 21:23:06+00,2019/12/19 17:17:34+00,{4A55D4D7-C77B-4BFA-89E6-9CBDA571776C},414,23557.9615733375,20936223.4882477
523,CON-010-014,Sand Wash,8668.87779252,,Yes,Yes,No,Yes,Yes,NOT_YET_CONSIDERED,"Sand Wash, Old #s 210 210a 210b 210c & 210d, No boundary changes. Signed PDF not available at this time.",2013/09/18 21:23:06+00,2019/12/19 17:17:34+00,{11BFBAE4-B27A-4649-94F2-E528936E75CF},403,36436.4450046327,35081703.769644
524,CON-010-032,Shaffers Draw,5971.50795954,,Yes,Yes,No,Yes,Yes,NOT_YET_CONSIDERED,"Shaffers Draw, Old #s 262 & 263, No boundary changes. Signed PDF not available at this time.",2013/09/18 21:23:06+00,2019/12/19 17:17:34+00,{F9BCBF0A-50D1-4007-B50C-58C8BFD6D6BD},411,30911.592097976,24165835.3374966
528,CON-010-031,Lower Little Snake,7335.92477259,Excessive Disturbance,Yes,Yes,No,Yes,Yes,NOT_YET_CONSIDERED,"Lower Little Snake, Old #261, AECOM #406, Polygons removed due to cherry stem routes/powerline. Signed PDF not available at this time. ",2013/09/18 21:23:06+00,2019/12/19 17:17:34+00,{4344CAC0-B6B8-4093-9A56-FE2D89208371},2345,51514.5435386975,29687434.2802025
529,CON-010-033,Deep Canyon,10974.49340429,Excessive Disturbance,Yes,Yes,No,Yes,Yes,NOT_YET_CONSIDERED,"Deep Canyon, Old #265, AECOM #407, Polygon removed due to LS-407-R02. Signed PDF not available at this time.",2013/09/18 21:23:06+00,2019/12/19 17:17:34+00,{CFE12BD6-A317-4901-A2CC-C61857DC5513},341,36955.7509059757,44412199.1157277
532,CON-010-011,Weller Draw,12891.81775132,Developed Right of Way,Yes,Yes,No,Yes,Yes,NOT_YET_CONSIDERED,"Weller Draw, Old #221, Polygon removed due to BLM.1661 <5000. Signed PDF not available at this time.",2013/09/18 21:23:06+00,2019/12/19 17:17:34+00,{8B305110-62BB-4815-B5FD-BBF056012CD4},436,78481.3139025546,52171335.4633277
534,CON-010-034,Simsberry Draw,6346.53215569,,Yes,Yes,No,Yes,Yes,NOT_YET_CONSIDERED,"Simsberry Draw, Old #267, AECOM #409, No boundary changes. Signed PDF not available at this time.",2013/09/18 21:23:06+00,2019/12/19 17:17:34+00,{B920CFA1-DEFA-4B36-A785-B4C00EA9F7B3},413,38358.3796972329,25683504.4142265
538,CON-010-027,East Boone Draw,7072.57963909,,Yes,Yes,No,Yes,Yes,NOT_YET_CONSIDERED,"East Boone Draw, Old #222, No boundary changes. Signed PDF not available at this time.",2013/09/18 21:23:06+00,2019/12/19 17:17:34+00,{C4EDC715-A04E-43D6-B4E0-9A2F8B056057},351,57324.634542115,28621714.3354047
539,CON-010-038,Twelvemile Mesa,10238.83413729,,Yes,Yes,No,Yes,Yes,NOT_YET_CONSIDERED,"Twelvemile Mesa, Old #272, AECOM #473 (used interns analysis), No boundary changes. Signed PDF not available at this time.",2013/09/18 21:23:06+00,2019/12/19 17:17:34+00,{7D278156-A840-4F21-A157-ED4AFC973C3F},420,43819.8162964444,41435091.6863834
549,CON-010-A09,Diamond Breaks WSA Adjacent,5760.08363017,,Yes,Yes,Yes,Yes,Yes,NOT_YET_CONSIDERED,"Diamond Breaks WSA Adjacent, Old #UT110. Signed PDF not available at this time. ",2013/09/18 21:23:06+00,2019/12/19 17:17:34+00,{349DB847-4A79-4EF4-9CD5-ACC442C8ECDA},,39932.5770882232,23310231.4323341
550,CON-010-001,Wild Mountain,4280.69326591,,Yes,Yes,No,Yes,Yes,WILD_PRIORITY,"Wild Mountain, Old #s UT111 & UT114, No boundary changes, Managed for LWC. Signed PDF not available at this time.",2013/09/18 21:23:06+00,2019/12/19 17:17:34+00,{6305D715-4058-4DC0-91E1-0997E5A0AFE1},,23282.105768955,17323351.0354703
552,CON-010-039,Lone Tree Gulch,5383.1602722,Excessive Disturbance,Yes,Yes,No,Yes,Yes,NOT_YET_CONSIDERED,"Lone Tree Gulch, Old #275, AECOM #532, Polygon removed due to LS-532-R04. Signed PDF not available at this time.",2013/09/18 21:23:06+00,2019/12/19 17:17:34+00,{A3735E63-F3D9-4A53-A1FB-046C492EAFEA},386,29086.0706557668,21784876.7203717
555,CON-010-A34,Cross Mountain WSA Adjacent,40.443443,,Yes,No,Yes,Yes,Yes,NOT_YET_CONSIDERED,Cross Mountain WSA Adjacent. Signed PDF not available at this time. ,2013/09/18 21:23:06+00,2019/12/19 17:17:34+00,{D40F57A9-15F0-41CB-9FE0-4D56E4AAD4D3},,2095.01902698476,163668.80702891
556,CON-010-002,Vermillion Creek,20283.48017805,Excessive Disturbance,Yes,Yes,No,Yes,Yes,NOT_YET_CONSIDERED,"Vermillion Creek, Old #204, Several polygons & cherry stem removed due to O/G. Signed PDF not available at this time.",2013/09/18 21:23:06+00,2019/12/19 17:17:34+00,{565B7318-B206-4696-ACFC-ED90492C6B53},432,81658.3177649175,82084332.0271672
559,CON-010-012,Dry Creek,26695.29711599,,Yes,Yes,No,Yes,Yes,WILD_PRIORITY,"Dry Creek, Old #s 211 211a & 212, No boundary changes, Managed for LWC. Signed PDF not available at this time.",2013/09/18 21:23:06+00,2019/12/19 21:35:25+00,{877FDD10-A453-4A5A-8E8F-FB034DF226F6},2346,57606.3705311158,108032034.581739
560,CON-010-045,Little Yampa Canyon,14824.15692619,Excessive Disturbance,Yes,Yes,No,Yes,Yes,NOT_YET_CONSIDERED,"Little Yampa Canyon, Old #s 290 & 294, AECOM #509, Polygons removed & cherry stemmed due to routes/transmission lines. Signed PDF not available at this time.",2013/09/18 21:23:06+00,2019/12/19 17:17:34+00,{E896712B-1212-4057-9BA9-11D4BCC2F355},380,107576.092850323,59991234.6634111
566,CON-010-041,Crooked Wash,13391.05884249,Excessive Disturbance,Yes,Yes,No,Yes,Yes,NOT_YET_CONSIDERED,"Crooked Wash, Old #s 285 & 291, AECOM #479, Polygons removed & cherry stem routes/transmission line. Signed PDF not available at this time.",2013/09/18 21:23:06+00,2019/12/19 17:17:34+00,{479E4BA7-0788-4E28-A9B5-229D5B140076},327,123474.386435275,54191693.2226574
568,CON-010-054,Serviceberry,6806.3514862,Excessive Disturbance,Yes,Yes,No,Yes,Yes,NOT_YET_CONSIDERED,"Serviceberry, Old #315, AECOM #274, Polygons removed & cherry stemmed routes. Signed PDF not available at this time.",2013/09/18 21:23:06+00,2019/12/19 17:17:34+00,{9D283046-6E99-463A-9386-BD467CC515FE},406,42405.4144732546,27544327.2250436
570,CON-010-016,Vermillion Bluffs,15658.10356897,,Yes,Yes,No,Yes,Yes,WILD_PRIORITY,"Vermillion Bluffs, Old #213, No boundary changes, Managed for LWC. Signed PDF not available at this time.",2013/09/18 21:23:06+00,2019/12/19 17:17:34+00,{E69D7DED-3725-4629-AB3C-57A01D0D5AAD},,52873.951895038,63366096.9906871
571,CON-010-018,North Fork Sand Wash,11609.70031385,,Yes,Yes,No,Yes,Yes,NOT_YET_CONSIDERED,"North Fork Sand Wash, Old #s 244 & 244a, No boundary changes. Signed PDF not available at this time.",2013/09/18 21:23:06+00,2019/12/19 17:17:34+00,{11B0361E-E8C5-4673-8E6A-927DBA593861},388,43199.1420990306,46982790.277234
572,CON-010-024,Yellow Cat Wash,32068.31556129,Excessive Disturbance,Yes,Yes,No,Yes,Yes,NOT_YET_CONSIDERED,"Yellow Cat Wash, Old #251, Polygons removed & cherry stem due to open OHV area & route/camp site. Signed PDF not available at this time.",2013/09/18 21:23:06+00,2019/12/19 17:17:34+00,{AA9402E4-AF8B-462E-821E-8A629E41FDD6},442,76726.3115540783,129775868.784738
573,CON-010-025,"Sheepherder Springs Draw, Old #257, No boundary changes",6751.64420141,,Yes,Yes,No,Yes,Yes,NOT_YET_CONSIDERED,"Sheepherder Springs Draw, Old #257, No boundary changes. Signed PDF not available at this time.",2013/09/18 21:23:06+00,2019/12/19 17:17:34+00,{BBDFF721-FAD2-4433-8E24-4F0C89E6A211},412,33833.1212549795,27322934.6982424
574,CON-010-037,Calico Draw,6610.57141129,,Yes,Yes,No,Yes,Yes,NOT_YET_CONSIDERED,"Calico Draw, Old #271, No boundary changes. Signed PDF not available at this time.",2013/09/18 21:23:06+00,2019/12/19 17:17:34+00,{F4B84500-A9ED-4399-A8C7-4987306869DF},318,33122.1488209446,26752033.2625763
575,CON-010-042,Danforth,10387.52963253,Excessive Disturbance,Yes,Yes,No,Yes,Yes,NOT_YET_CONSIDERED,"Danforth, Old #292, Polygons removed & cherry stem routes. Signed PDF not available at this time.",2013/09/18 21:23:06+00,2019/12/19 17:17:34+00,{502EB4A9-66F5-48BF-8886-E04CF1E1D6AB},340,86562.0354309178,42036841.0062735
577,CON-040-429,Bull Gulch WSA Contiguous Unit,4957.93517235,Developed Right of Way,Yes,No,Yes,Yes,Yes,NOT_YET_CONSIDERED,CO-070-429 Bull Gulch WSA Contiguous Unit,2014/09/16 16:33:33+00,2019/12/19 17:17:34+00,{748B8CD7-4046-432C-8657-F7D29F59C6BD},291,34241.0102943251,20064061.1549091
578,CON-040-RoanS,"Roan Southeast Cliff Unit, Updated boundary in 2015 for Roan SEIS",13704.55319425,Exposed Utility Corridor,Yes,Yes,No,Yes,Yes,OTHER_USES_PRIORITY,"Roan Southeast Cliff Unit, Updated boundary in 2015 for Roan SEIS",2016/05/12 15:01:11+00,2019/12/19 17:17:34+00,{98D2A115-BE85-4B5F-9A11-82E53C3F47CF},1541,105940.72417301,55460362.7468461
580,CON-050-019,North Colorow,10786.18696778,,Yes,Yes,No,Yes,Yes,WILD_PRIORITY,North Colorow,2013/07/22 19:33:11+00,2019/12/19 17:17:34+00,{4A1B7C14-9EFC-4A9D-8392-700BFEC7613A},151,59890.9301584295,43650150.0037668
581,CON-050-032,Willow WSA,5917.77005975,,Yes,Yes,Yes,Yes,Yes,WILD_PRIORITY,Willow WSA,2013/07/22 19:33:11+00,2019/12/19 17:17:34+00,{459D9FBD-8B66-49FC-84B2-A32111950652},162,38305.5223880723,23948365.7725799
582,CON-050-027,MF Mountain,9073.29022228,,Yes,Yes,No,Yes,Yes,OTHER_USES_WITH_RESTRICT,MF Mountain,2013/07/22 19:33:11+00,2020/02/12 22:33:44+00,{E5779161-1DDF-4B45-9E45-9615384B31F9},149,50960.19425531,36718302.8083488
583,CON-050-024,Pinto Gulch,5045.00192888,,Yes,Yes,No,Yes,Yes,WILD_PRIORITY,Pinto Gulch,2013/07/22 19:33:11+00,2019/12/19 17:17:34+00,{16D340A3-65EF-408C-926A-27E7B3231BC8},154,26103.8176759995,20416399.147768
584,CON-050-021,Coal Ridge,9055.71240286,,Yes,Yes,No,Yes,Yes,WILD_PRIORITY,Coal Ridge,2013/07/22 19:33:11+00,2019/12/19 17:17:34+00,{1738BBF4-493C-4985-B14A-830F963FC003},141,32091.0464822869,36647167.8969249
585,CON-050-031,Gilsonite Hills,11922.2435029,,Yes,Yes,No,Yes,Yes,NOT_YET_CONSIDERED,Gilsonite Hills,2013/07/22 19:33:11+00,2019/12/19 17:17:34+00,{195D3045-3925-4BB7-91A7-3411DF9C1EFA},145,53861.7444839965,48247607.6891404
586,CON-050-004,Texas Mountain,15465.97652145,,Yes,Yes,No,Yes,Yes,NOT_YET_CONSIDERED,Texas Mountain,2013/07/22 19:33:11+00,2019/12/19 17:17:34+00,{A9344013-DB9C-4F87-A854-E568C609BC59},159,62880.6893007662,62588586.4145333
587,CON-050-035,Oil Spring Mountain WSA,8211.87932187,,Yes,Yes,Yes,Yes,Yes,NOT_YET_CONSIDERED,Oil Spring Mountain WSA,2013/07/22 19:33:11+00,2019/12/19 17:17:34+00,{F1B22D2E-9D3B-4167-951B-B9A6B604F689},152,61726.4417183852,33232296.5736978
588,CON-050-007,Bluejay Creek,9817.45141336,,Yes,Yes,No,Yes,Yes,NOT_YET_CONSIDERED,Bluejay Creek,2013/07/22 19:33:11+00,2019/12/19 17:17:34+00,{2A08B11E-C658-4D1C-BF94-B7623DC389E3},135,44879.5456820761,39729816.3037407
589,CON-050-002,Whiskey Creek,6385.854188,,Yes,Yes,No,Yes,Yes,WILD_PRIORITY,Whiskey Creek,2013/07/22 19:33:11+00,2019/12/19 17:17:34+00,{77DD2FE8-E295-4A6E-A1A9-F88100606271},161,53782.0751950817,25842635.0332051
590,CON-050-028,Evacuation Ridge,6726.94129884,,Yes,Yes,No,Yes,Yes,NOT_YET_CONSIDERED,Evacuation Ridge,2013/07/22 19:33:11+00,2019/12/19 17:17:34+00,{BF482295-C8B1-44BC-BDAA-1D27495EAF15},143,45358.2986915546,27222965.5983023
591,CON-050-001,Pike Ridge,14470.91882309,,Yes,Yes,No,Yes,Yes,OTHER_USES_WITH_RESTRICT,Pike Ridge,2013/07/22 19:33:11+00,2019/12/19 17:17:34+00,{D3C7B25A-E93B-4C6B-BD53-F254844E5083},153,86259.3623105821,58561730.7677731
594,CON-050-020,Upper Coal Oil Rim,13275.39691469,,Yes,Yes,No,Yes,Yes,WILD_PRIORITY,Upper Coal Oil Rim,2013/07/22 19:33:11+00,2019/12/19 17:17:34+00,{7D42DFCE-0403-4207-B780-EC1FFA0E386F},160,47826.6329450925,53723625.2641081
595,CON-050-022,Coal Oil Gulch,9546.40662069,,Yes,Yes,No,Yes,Yes,OTHER_USES_WITH_RESTRICT,Coal Oil Gulch,2013/07/22 19:33:11+00,2019/12/19 17:17:34+00,{D0890AC2-6ABC-46EF-BDCB-AC3632EC4500},140,41120.154382104,38632936.9437988
601,COF-020-005,Railroad Gulch,2448.48249188,Developed Right of Way,Yes,No,Yes,Yes,Yes,NOT_YET_CONSIDERED,Railroad Gulch. Signed PDF not available at this time.,2018/04/16 21:53:10+00,2019/12/19 17:17:34+00,{AF353FFA-1F0C-439A-94C4-D244A1B3D7AF},267,19209.434279555,9908657.09741945
603,COF-020-007,Little Fountain Creek,199.77452445,,Yes,No,Yes,Yes,Yes,NOT_YET_CONSIDERED,Little Fountain Creek. Signed PDF not available at this time.,2018/04/16 21:53:10+00,2019/12/19 17:17:34+00,{EF74E886-8934-4E9D-B6F0-2B2D12B25C4C},237,4617.0416011787,808458.817320308
606,COF-020-010,Red Rock Subdivision,142.67749057,,Yes,No,Yes,Yes,Yes,NOT_YET_CONSIDERED,Red Rock Subdivision. Signed PDF not available at this time.,2018/04/16 21:53:10+00,2019/12/19 17:17:34+00,{050F1640-A0A0-4531-A7AB-5DAD6C91CF78},268,3006.32786247483,577395.319052931
607,COF-020-011,Chess Subdivision Access,38.77051881,,Yes,No,Yes,Yes,Yes,NOT_YET_CONSIDERED,Chess Subdivision Access. Signed PDF not available at this time.  ,2018/04/16 21:53:10+00,2019/12/19 17:17:34+00,{F6C72021-72A7-4808-825F-A5EE8712366A},,1584.46960481756,156898.7230463
608,COF-020-033,West of Beaver Creek WSA,209.56392233,Excessive Disturbance,Yes,No,Yes,Yes,Yes,NOT_YET_CONSIDERED,West of Beaver Creek WSA. Signed PDF not available at this time.,2018/04/16 21:53:10+00,2019/12/19 17:17:34+00,{DFD774C6-E67B-40C8-A496-E99EEAEB7AC0},289,4151.57370365373,848075.104980409
609,COF-020-012,War Dance Mine,459.24120869,,Yes,No,Yes,Yes,Yes,NOT_YET_CONSIDERED,War Dance Mine. Signed PDF not available at this time.,2018/04/16 21:53:10+00,2019/12/19 17:17:34+00,{17037112-286B-4063-9806-256479C2D109},286,6430.2632759649,1858483.23482306
611,COF-020-036,N of Steel Bridge,548.51124063,Developed Right of Way,Yes,No,Yes,Yes,Yes,NOT_YET_CONSIDERED,N of Steel Bridge. Signed PDF not available at this time.,2018/04/16 21:53:10+00,2019/12/19 17:17:34+00,{39F1AEF1-C09A-4732-86DA-5806BAA2EC49},247,7482.01569243191,2219746.23688992
616,COF-020-054,"East McCoy Gulch, Race Path",6721.82744665,,Yes,Yes,No,Yes,Yes,NOT_YET_CONSIDERED,"East McCoy Gulch, Race Path. Signed PDF not available at this time.",2018/04/16 21:53:10+00,2019/12/19 17:17:34+00,{F71512EA-EE70-40FB-89C6-BC6534483E3D},221,40832.2642910365,27202270.572751
617,COF-020-062,East Fork,1260.88279881,,Yes,No,Yes,Yes,Yes,NOT_YET_CONSIDERED,East Fork. Signed PDF not available at this time.,2018/04/16 21:53:10+00,2019/12/19 17:17:34+00,{2824D27F-67F3-4007-AF44-C6283E30F8D7},219,17585.7017348943,5104892.89583804
618,COF-020-063,North East Phantom Canyon Road,1161.86210381,,Yes,No,Yes,Yes,Yes,NOT_YET_CONSIDERED,North East Phantom Canyon Road. Signed PDF not available at this time.,2018/04/16 21:53:10+00,2019/12/19 17:17:34+00,{1FE31994-2BCD-46AD-99EF-5B9AE9D4F317},251,16095.6296698358,4701889.117191
630,COF-020-026,BH Subdivision,38.99921012,Excessive Disturbance,Yes,No,Yes,Yes,Yes,NOT_YET_CONSIDERED,BH Subdivision. Signed PDF not available at this time.,2018/04/16 21:53:10+00,2019/12/19 17:17:34+00,{A0EEB038-994F-4851-8A96-6BABED7454B7},201,1585.08324408585,157824.20395766
634,COF-020-041,Waugh Mountain,5611.06037868,Developed Right of Way,Yes,Yes,No,Yes,Yes,NOT_YET_CONSIDERED,Waugh Mountain. Signed PDF not available at this time.,2018/04/16 21:53:10+00,2019/12/19 17:17:34+00,{742D40E8-D4E2-4FFC-B4A8-07BF4DEF8DAE},288,56759.0348273965,22707156.5369621
635,COF-020-044,"Browns Canyon North, Ruby Mountain",96.9676725,Excessive Disturbance,Yes,No,Yes,Yes,Yes,NOT_YET_CONSIDERED,"Browns Canyon North, Ruby Mountain. Signed PDF not available at this time.",2018/04/16 21:53:10+00,2019/12/19 17:17:34+00,{A983946A-509E-4852-A93B-BA18F52C8EB9},204,3599.75627018028,392414.248217059
641,COF-020-037,Stanley Creek ,5483.52487947,Excessive Disturbance,Yes,Yes,Yes,Yes,Yes,NOT_YET_CONSIDERED,Stanley Creek. Signed PDF not available at this time.,2018/04/16 21:53:10+00,2019/12/19 17:17:34+00,{7049F631-74C2-487B-A45E-291FFF6551BA},277,35153.1385281025,22191037.8758822
651,COF-020-028,Hellgateway N,41.10891833,Excessive Disturbance,Yes,No,Yes,Yes,Yes,NOT_YET_CONSIDERED,Hellgateway N. Signed PDF not available at this time.,2018/04/16 21:53:10+00,2019/12/19 17:17:34+00,{CADE1CA5-AEAE-49DB-AB0B-792522552AD9},230,1623.93545316092,166361.890177738
654,COF-020-056,N Coaldale/ Cotopaxi,17374.5725937,,Yes,Yes,No,Yes,Yes,NOT_YET_CONSIDERED,N Coaldale/ Cotopaxi. Signed PDF not available at this time.,2018/04/16 21:53:10+00,2019/12/19 17:17:34+00,{B123196C-4693-4A66-9C8A-B1DDE109D668},246,90139.5718574708,70312401.630534
656,COF-020-088,Suzie's Ridge,2783.72746551,Developed Right of Way,Yes,No,Yes,Yes,Yes,NOT_YET_CONSIDERED,Suzie's Ridge. Signed PDF not available at this time.,2018/04/16 21:53:10+00,2019/12/19 17:17:34+00,{020F9F71-2475-404A-B279-18A5A6DE8993},279,20023.8205900132,11265345.5352637
658,COF-020-070,Upper Red Canyon,22705.6217814,,Yes,Yes,No,Yes,Yes,NOT_YET_CONSIDERED,Upper Red Canyon. Signed PDF not available at this time.,2018/04/16 21:53:10+00,2019/12/19 17:17:34+00,{FB09568F-4C6C-48EE-B1B3-B48CBE1B8E81},285,191441.982286131,91886391.9241238
659,COF-020-019,Echo Canyon,30976.91030216,Developed Right of Way,Yes,Yes,Yes,Yes,Yes,NOT_YET_CONSIDERED,Echo Canyon. Signed PDF not available at this time.,2018/04/16 21:53:10+00,2019/12/19 17:17:34+00,{AC1FF4B6-C7D1-4599-A796-AEA5F7889FDD},224,133992.85640535,128144000.538579
660,COF-020-062-A ,East Fork A,106.26531816,,Yes,No,Yes,Yes,Yes,NOT_YET_CONSIDERED,East Fork A. Signed PDF not available at this time.,2018/04/16 21:53:10+00,2019/12/19 17:17:34+00,{8227249A-1BCB-447D-B32A-0B895C6CFB9B},220,2753.94197023401,345233.818664746
661,COF-020-042,Cucharas Canyon,6046.36249764,Developed Right of Way,Yes,Yes,No,Yes,Yes,NOT_YET_CONSIDERED,Cucharas Canyon. Signed PDF not available at this time.,2018/04/16 21:53:10+00,2019/12/19 17:17:34+00,{FCF0784D-C57F-4410-827A-034ED24CD8CB},216,51179.0267200402,24468760.9057447
670,COF-020-071,Bear Mountain,8204.11510574,Excessive Disturbance,Yes,No,No,NA,NA,NOT_YET_CONSIDERED,Bear Mountain. Signed PDF not available at this time.,2018/04/16 22:03:45+00,2021/10/22 19:06:07+00,{2E5CC87C-3713-4986-9C92-4879FDC7A6DF},198,54540.7427580174,33200876.586514
673,COF-020-006,Crown Point,153.84478655,,Yes,No,Yes,Yes,Yes,NOT_YET_CONSIDERED,Crown Point. Signed PDF not available at this time.,2018/04/16 21:53:10+00,2019/12/19 17:17:34+00,{9B85BE2D-8F52-4145-A4DD-A569A936D668},214,4067.24133575969,654330.417170573
674,COF-020-009,Turkey Creek,2476.12185033,Developed Right of Way,Yes,No,Yes,Yes,Yes,NOT_YET_CONSIDERED,Turkey Creek. Signed PDF not available at this time.,2018/04/16 21:53:10+00,2019/12/19 17:17:34+00,{8C92E2CF-BEFE-40E5-9B04-D121FEBD0033},283,21847.3755675757,9945099.03054081
676,COF-020-087,Badito Cone North,923.5180915,,Yes,No,Yes,Yes,Yes,NOT_YET_CONSIDERED,Badito Cone North. Signed PDF not available at this time.,2018/04/16 21:53:10+00,2019/12/19 17:17:34+00,{4853A0CC-76B6-4CDF-968E-2DDF9020BC50},196,10419.00568937,3706271.5344187
678,COF-020-002,North Hondo,521.88474206,,Yes,No,Yes,Yes,Yes,NOT_YET_CONSIDERED,North Hondo. Signed PDF not available at this time.,2018/04/16 22:55:46+00,2019/12/19 17:17:34+00,{7030026A-6491-4C66-B741-9D6C5B37DACA},253,9725.58622529018,2093464.73850281
679,COF-020-015,Bull Domingo West,231.81642179,,Yes,No,Yes,Yes,Yes,NOT_YET_CONSIDERED,Bull Domingo West. Signed PDF not available at this time.,2018/04/16 23:01:15+00,2019/12/19 17:17:34+00,{6C0A4015-5482-46DE-B07F-07C961AA61F7},205,5034.20196171204,938127.775349934
681,COF-020-049,Crampton Mountain,5030.6108485,Exposed Utility Corridor,Yes,Yes,No,Yes,Yes,NOT_YET_CONSIDERED,Crampton Mountain. Signed PDF not available at this time.,2018/04/16 23:04:55+00,2021/10/29 18:55:30+00,{B26E6C0B-8F77-4960-BEEF-4F3EC3528996},213,43550.4944643638,20672653.5644424
683,COF-020-025,Dead Mule,1821.08008601,,Yes,No,Yes,Yes,Yes,NOT_YET_CONSIDERED,Dead Mule. Signed PDF not available at this time.,2018/04/16 23:10:02+00,2019/12/19 17:17:34+00,{FF864835-28F1-461F-BEC6-C2A0E93A63FB},217,18701.4628842057,7369650.11212739
684,COF-020-035,East of Steel Bridge,941.10963835,Developed Right of Way,Yes,No,Yes,Yes,Yes,NOT_YET_CONSIDERED,East of Steel Bridge. Signed PDF not available at this time.,2018/04/16 21:53:10+00,2019/12/19 17:17:34+00,{8E0F48D7-2467-41F6-9424-20DF6EB85BF0},222,14522.9328734829,3749838.63911478
685,COF-020-004,Dry Creek Canyon,38.79480486,,Yes,No,Yes,Yes,Yes,NOT_YET_CONSIDERED,Dry Creek Canyon. Signed PDF not available at this time.,2018/04/16 21:53:10+00,2019/12/19 17:17:34+00,{72E30529-505E-4DB6-A3DA-D83DED8F7698},218,1592.55619405385,158488.710256292
687,COF-020-050,Eightmile Mountain,17781.916998,Developed Right of Way,Yes,Yes,No,Yes,Yes,NOT_YET_CONSIDERED,Eightmile Mountain. Signed PDF not available at this time.,2018/04/16 23:19:50+00,2021/10/29 19:01:12+00,{95870421-15E8-4066-82BA-76B991B14579},225,98276.7842605084,72247327.9278403
688,COF-020-030,Horseshoe Mountain,147.27463832,,Yes,No,Yes,Yes,Yes,NOT_YET_CONSIDERED,Horseshoe Mountain. Signed PDF not available at this time.,2018/04/16 21:53:10+00,2019/12/19 17:17:34+00,{28A7D140-BD44-48CC-AB62-B53C09AF2D61},232,3876.9307322224,606311.124449888
689,COF-020-031,Horseshoe Mountian 2,50.61226683,Excessive Disturbance,Yes,No,Yes,Yes,Yes,NOT_YET_CONSIDERED,Horseshoe Mountian 2. Signed PDF not available at this time.,2018/04/16 21:53:10+00,2019/12/19 17:17:34+00,{AA422B24-C4BB-4A6F-8B1C-DDBF1660954C},233,2307.71742952509,212275.578962937
690,COF-020-051,Iron Mountain ,28.06638936,,Yes,No,Yes,Yes,Yes,NOT_YET_CONSIDERED,Iron Mountain. Signed PDF not available at this time.,2018/04/16 23:26:08+00,2019/12/19 17:17:34+00,{E2864BCF-7EF5-4F09-8FB4-87DBF1D4CAB6},234,1353.67479259023,113088.133408088
691,COF-020-016,Marsh Gulch,461.88021552,,Yes,No,Yes,Yes,Yes,NOT_YET_CONSIDERED,Marsh Gulch. Signed PDF not available at this time.,2018/04/16 23:27:31+00,2019/12/19 17:17:34+00,{118143DC-AA3E-4CC6-B7A6-9BF6984B4A40},238,7549.11962231006,1869162.9165725
692,COF-020-029,N Bear Gulch,291.49607842,,Yes,No,Yes,Yes,Yes,NOT_YET_CONSIDERED,N Bear Gulch. Signed PDF not available at this time.,2018/04/16 23:28:40+00,2019/12/19 17:17:34+00,{987C1BFA-5C35-4D14-AD48-E5F31F29DF7B},245,6490.92350194185,1179643.31459154
693,COF-020-018,North Badger Creek,11408.42261224,Excessive Disturbance,Yes,Yes,Yes,Yes,Yes,NOT_YET_CONSIDERED,North Badger Creek. Signed PDF not available at this time.,2018/04/16 23:31:05+00,2021/10/21 18:34:04+00,{4C559474-7619-4612-9BF6-BC099C551719},250,82214.8528351019,46168248.9543161
694,COF-020-020,NW corner of Beaver Creek WSA ,59.63436286,,Yes,No,Yes,Yes,Yes,NOT_YET_CONSIDERED,NW corner of Beaver Creek WSA. Signed PDF not available at this time.,2018/04/16 21:53:10+00,2019/12/19 17:17:34+00,{39C1249D-483F-4691-B9DF-04675D3612C0},256,2972.02432702786,237771.505700065
695,COF-020-013,Pierce Gulch,241.40948956,,Yes,No,Yes,Yes,Yes,NOT_YET_CONSIDERED,Pierce Gulch. Signed PDF not available at this time.,2018/04/16 23:37:03+00,2019/12/19 17:17:34+00,{A40E6667-71B4-4865-8099-98AEFB7D806D},260,5365.13881451679,976949.543252736
696,COF-020-034,SE Phantom Canyon Road,600.96762239,,Yes,No,Yes,Yes,Yes,NOT_YET_CONSIDERED,SE Phantom Canyon Road. Signed PDF not available at this time.,2018/04/16 21:53:10+00,2019/12/19 17:17:34+00,{1FBC8A5D-39CB-47BE-A563-31D557F0A121},271,12849.3338033323,2408169.81302513
697,COF-020-047,Sheep Basin,198.69383192,Excessive Disturbance,Yes,No,Yes,Yes,Yes,NOT_YET_CONSIDERED,Sheep Basin. Signed PDF not available at this time.,2018/04/16 23:41:32+00,2019/12/19 17:17:34+00,{4F5CDD83-DD3F-4962-93BC-3C6FF91C1D1A},272,6821.91560455088,804085.409797976
698,COF-020-014,Westfall Gulch,113.21642669,,Yes,No,Yes,Yes,Yes,NOT_YET_CONSIDERED,Westfall Gulch. Signed PDF not available at this time.,2018/04/16 21:53:10+00,2019/12/19 17:17:34+00,{C33D381B-3D56-4BEF-84FA-2D30B7005FEC},290,3230.44747198562,489031.512744772
699,LLCOSO8000-2017-02,Head of Main Canyon,151,,Yes,No,Yes,Yes,Yes,NOT_YET_CONSIDERED,Head of Main Canyon. Signed PDF not available at this time.,2018/04/23 15:27:48+00,2019/12/19 17:17:34+00,{2A1D16DE-FA90-418E-ACE5-7624A79058DB},694,4204.72863804831,610941.125438086
700,LLCOSO8000-2017-06,Winter Flats,1597,,Yes,No,Yes,Yes,Yes,NOT_YET_CONSIDERED,Winter Flats. Signed PDF not available at this time.,2018/04/23 15:27:48+00,2019/12/19 17:17:34+00,{C8A59B77-34A2-4182-8981-5475075E199E},698,16132.1327287578,6471559.84875923
701,LLCOSO8000-2017-04,Redrock,993,,Yes,No,Yes,Yes,Yes,NOT_YET_CONSIDERED,Redrock. Signed PDF not available at this time.,2018/04/23 15:27:48+00,2019/12/19 17:17:34+00,{C2BE276D-7DAD-4AA0-9D15-ECDFAE26B7BE},696,9213.51592976398,4024909.31749609
702,LLCOSO8000-2017-03,Pine Ridge,1974,,Yes,No,Yes,Yes,Yes,NOT_YET_CONSIDERED,Pine Ridge. Signed PDF not available at this time.,2018/04/23 15:27:48+00,2019/12/19 17:17:34+00,{52D7EB72-CC04-4761-BCCF-611BFBDE2A0D},695,18911.3688630589,7998691.53463084
704,LLCOSO8000-2017-01,DeBeque Rim,3303,,Yes,No,Yes,Yes,Yes,NOT_YET_CONSIDERED,Debeque Rim. Signed PDF not available at this time.,2018/04/23 15:27:48+00,2019/12/19 17:17:34+00,{9B9D1859-9D80-4075-B5BD-05D8EB115657},693,21774.9037662684,13381644.1425591
705,LLCOSO8000-2017-07,Demaree South,3977,,Yes,No,Yes,Yes,Yes,NOT_YET_CONSIDERED,Demaree South. Signed PDF not available at this time.,2018/04/23 16:16:48+00,2019/12/19 17:17:34+00,{D0451823-631D-4E40-9639-E94308AF5A0A},1131,61026.7193257115,16096002.0548515
706,LLCOS09000-2017-01,Escalante Slopes,9236,,Yes,Yes,No,Yes,Yes,NOT_YET_CONSIDERED,Escalante Slopes,2018/04/23 16:18:53+00,2019/12/19 17:17:34+00,{F54357D6-CEBD-4E31-80EB-79B13F64B201},8,56242.3960505217,37374748.006502
707,LLCOS08000-2017-08,Book Cliffs South,70181,,Yes,Yes,Yes,Yes,Yes,NOT_YET_CONSIDERED,Signed PDF not available at this time.,2018/10/16 21:36:59+00,2019/12/19 17:17:34+00,{B04433D2-96F6-4BCC-9820-13CC862186CA},1126,326117.686395502,284456233.32013
708,LLCOS08000-2017-10,South Shale Ridge,34313,,Yes,Yes,No,Yes,Yes,NOT_YET_CONSIDERED,Signed PDF not available at this time.,2018/10/16 21:37:14+00,2019/12/19 17:17:34+00,{18996F7A-1A5D-4BEB-8434-B7027E1DD63B},61,130756.852938194,139035090.117078
1537,COF-030-007,Rajadero Canyon,10742.08109721,,Yes,Yes,,Yes,Yes,NOT_YET_CONSIDERED,Signed PDF not available at this time,2019/03/05 16:13:34+00,2019/12/19 17:17:36+00,{FC3F6712-F3BE-47C1-ADC9-BB923CF8BE6E},,51408.7190379567,43471659.8781885
1538,COF-030-004,Kiowa Hill,5683.3496669,,Yes,Yes,,Yes,Yes,NOT_YET_CONSIDERED,Signed PDF not available at this time.,2019/03/05 16:13:34+00,2019/12/19 17:17:36+00,{38063E31-72F6-4C41-8DF0-6A802BE864EF},294,29665.4948255008,22999712.8492358
1539,COF-030-008,Triangle,6350.22431221,,Yes,Yes,,Yes,Yes,NOT_YET_CONSIDERED,Signed PDF not available at this time,2019/03/05 16:13:34+00,2019/12/19 17:17:36+00,{B7FA17F4-6A3C-4CFB-860B-91984C791474},,37435.9810211436,25698446.0415512
1540,COF-030-009,McMahon/Greenie,16339.8466001,,Yes,Yes,,Yes,Yes,NOT_YET_CONSIDERED,Signed PDF not available at this time,2019/03/05 16:13:34+00,2019/12/19 17:17:36+00,{67BCBDC9-EB51-42AC-9D1C-7C1C226A7D07},,61146.8627394071,66125013.1546464
1541,COF-030-010,East Bishop Rock,5025.53938174,,Yes,Yes,,Yes,Yes,NOT_YET_CONSIDERED,Signed PDF not available at this time,2019/03/05 16:13:34+00,2019/12/19 17:17:36+00,{8E70D9FD-4A2E-4A6D-AA80-E4B69CAA4D00},,33362.6271698717,20337636.32301
1542,COF-030-011,Rio Grande Canal,5025.84572435,,Yes,Yes,,Yes,Yes,NOT_YET_CONSIDERED,Signed PDF not available at this time,2019/03/05 16:13:34+00,2019/12/19 17:17:36+00,{1CDB39C2-5C74-43B4-98BA-3C1041C17BCF},,28489.7539489713,20338876.0475932
1543,COF-030-001,Poncha Pass East,9585.56870026,,Yes,Yes,Yes,Yes,Yes,NOT_YET_CONSIDERED,Signed PDF not available at this time.,2019/03/05 16:13:34+00,2019/12/19 17:17:36+00,{D05D5F6B-BF64-4DB7-B267-9490F9E9B9FB},297,58199.1452892318,38791420.2569873
1544,COF-030-002,San Luis Hills,10589.6912313,,Yes,Yes,,Yes,Yes,NOT_YET_CONSIDERED,Signed PDF not available at this time.,2019/03/05 16:13:34+00,2019/12/19 17:17:36+00,{976F41C4-F91C-4FD7-B21D-0C33D975195E},299,43694.4983280862,42854959.9706141
1545,COF-030-006,Poso,59650.14620474,,Yes,Yes,,Yes,Yes,NOT_YET_CONSIDERED,Signed PDF not available at this time,2019/03/05 16:13:34+00,2019/12/19 17:17:36+00,{928527E9-70B7-4A69-9088-00D832A30075},,154572.756044926,241395577.265751
1546,COF-030-013,North Tracy Ridge,7664.85156778,,Yes,Yes,,Yes,Yes,NOT_YET_CONSIDERED,Signed PDF not available at this time.,2019/03/05 16:13:34+00,2019/12/19 17:17:36+00,{4C415F23-F1AA-4AAA-A2E5-1781B83B7C00},295,44249.5355389465,31018553.7938278
1547,COF-030-014,Hoagland Hill,5791.55324711,,Yes,Yes,,Yes,Yes,NOT_YET_CONSIDERED,Signed PDF not available at this time,2019/03/05 16:13:34+00,2019/12/19 17:17:36+00,{92E18815-7E30-4766-AB17-34276FE35939},,24903.093808701,23437584.4537384
1548,COF-030-015,Trickle Mountain,22371.7986143,,Yes,Yes,,Yes,Yes,NOT_YET_CONSIDERED,Signed PDF not available at this time.,2019/03/05 16:13:34+00,2019/12/19 17:17:36+00,{D1F14E78-DF1E-43A8-B856-134447DD8420},301,79365.9682845431,90535461.3282447
1549,COF-030-019,Noland Gulch,5804.83368476,,Yes,Yes,,Yes,Yes,NOT_YET_CONSIDERED,Signed PDF not available at this time,2019/03/05 16:13:34+00,2019/12/19 17:17:36+00,{578888CF-6F78-4D7B-9285-D6047E2EE1F3},,31883.3019112714,23491328.4781232
1550,COF-030-016,Tuttle Creek,7174.65884888,,Yes,Yes,,Yes,Yes,NOT_YET_CONSIDERED,Signed PDF not available at this time,2019/03/05 16:13:34+00,2019/12/19 17:17:36+00,{88E50091-EEB7-4A88-80CD-0835BBDA8208},,36356.5402544377,29034814.2411112
1551,COF-030-005,San Antonio South Hills,20792.93353645,,Yes,Yes,,Yes,Yes,NOT_YET_CONSIDERED,Signed PDF not available at this time.,2019/03/05 16:13:34+00,2019/12/19 17:17:36+00,{F3328E4C-DE72-416A-87AE-AC9FB03DBA5A},298,109643.587973387,84146016.6225036
1552,COF-030-003,Pinon HIlls,14683.23791327,,Yes,Yes,Yes,Yes,Yes,NOT_YET_CONSIDERED,Signed PDF not available at this time.,2019/03/05 16:13:34+00,2019/12/19 17:17:36+00,{B2E84157-F2E9-44FA-9BA6-AEA16E4FB20E},296,77349.9231168558,59420955.6509371
1553,COF-030-012,Tracy Canyon,11081.95238096,,Yes,Yes,,Yes,Yes,NOT_YET_CONSIDERED,Signed PDF not available at this time.,2019/03/05 16:13:34+00,2019/12/19 17:17:36+00,{F54C6007-7F69-47D7-A481-942B4A1777C2},300,42685.1901103442,44847070.1656339
1554,COF-030-018,Cottonwood,10755.50641274,,Yes,Yes,,Yes,Yes,NOT_YET_CONSIDERED,Signed PDF not available at this time.,2019/03/05 16:13:34+00,2019/12/19 17:17:36+00,{B12E41DC-7ECD-4F06-A1E5-639BA962698F},293,40759.1595800604,43525990.2025718
1555,COF-030-017,Poison Gulch,10414.09116125,,Yes,Yes,,Yes,Yes,NOT_YET_CONSIDERED,Signed PDF not available at this time,2019/03/05 16:13:34+00,2019/12/19 17:17:36+00,{6C62019C-E740-46F8-AEBD-E510A4A027B0},,44988.5771782955,42144331.6993699
1921,CO-030-251-A,Menefee Mountain,1184.51747516,,Yes,No,,,,OTHER_USES_PRIORITY,Jeff's Inventory Units,2019/03/06 20:03:26+00,2019/12/19 17:17:36+00,{F9C09BC7-0C99-481D-82A8-3AC1C0F3B632},22,18091.3614628727,4793572.15177975
1923,CO-030-286-2,McKenna Peak,220.04821788,,Yes,No,Yes,Yes,Yes,OTHER_USES_PRIORITY,Jeff's Inventory Units,2019/03/06 20:03:26+00,2019/12/19 17:17:36+00,{0938FFA9-6125-4F4C-9CFD-E92300F7EE86},76,4811.6289010348,890503.543775318
1925,CO-030-286-1,McKenna Peak,8023.14189152,,Yes,Yes,Yes,Yes,Yes,OTHER_USES_PRIORITY,Jeff's Inventory Units,2019/03/06 20:03:26+00,2019/12/19 17:17:36+00,{F8DA5E80-9DD2-47BD-9222-AD6F5D64D29F},74,73614.2055633249,32468503.2915184
1926,CO-030-286-1,McKenna Peak,827.84318711,,Yes,No,Yes,Yes,Yes,OTHER_USES_PRIORITY,Jeff's Inventory Units,2019/03/06 20:03:26+00,2019/12/19 17:17:36+00,{AD8754D6-E914-4B6E-9DC3-37E462B9F0E0},71,8905.46758260919,3350162.51851278
1929,CO-030-286-3,McKenna Peak,1856.83320026,,Yes,No,Yes,Yes,Yes,OTHER_USES_PRIORITY,Jeff's Inventory Units,2019/03/06 20:03:26+00,2019/12/19 17:17:36+00,{263ED4A8-974B-4860-8CED-09C0141462FA},72,22300.4058590182,7514337.36177919
1935,CO-030-290-D,Summit Canyon,6835.5869411,,Yes,Yes,No,Yes,Yes,OTHER_USES_PRIORITY,Jeff's & Brian's Units Merged,2019/03/06 20:03:26+00,2019/12/19 17:17:36+00,{18C10039-B8F7-462D-9743-ED60DC919EA1},90,72654.4685069179,27662638.9134517
1940,CO-030-290 C & F,Steamboat Hill,5111.1128122,,Yes,Yes,No,Yes,Yes,OTHER_USES_PRIORITY,Jeff's & Brian's Units Merged,2019/03/06 20:03:26+00,2019/12/19 17:17:36+00,{93BD6C40-3A88-445B-8192-A64A535B206D},84,33480.9106494407,20683939.7096448
1941,CO-030-290-i,Silvey's Pocket,2910.13841745,,Yes,No,Yes,Yes,Yes,OTHER_USES_PRIORITY,Jeff's Inventory Units,2019/03/06 20:03:26+00,2019/12/19 17:17:36+00,{92BDBB78-815B-427A-9093-922BF2057533},69,22393.3695839659,11776912.3447391
1945,CO-030-290 G & H,North Island Mesa,8430.68800286,,Yes,Yes,Yes,Yes,Yes,OTHER_USES_PRIORITY,Jeff's & Brian's Units Merged,2019/03/06 20:03:26+00,2019/12/19 17:17:36+00,{CC99B638-7182-4F73-816B-81E6E7E22F6A},79,58167.0240809386,34117783.8312818
1946,CO-030-301-A,Snaggletooth West,10143.25437747,,Yes,Yes,No,Yes,Yes,OTHER_USES_PRIORITY,Jeff's Inventory Units,2019/03/06 20:03:26+00,2019/12/19 17:17:36+00,{ACEA1020-30AC-4570-B13C-F32B0E0132A9},40,107926.006113972,41048294.1214863
1947,CO-030-290-H,Coyote Wash,1148.67616245,,Yes,No,Yes,Yes,,WILD_PRIORITY,Signed PDF not available at this time,2019/03/06 20:03:26+00,2019/12/19 17:17:36+00,{096226E8-C4F3-45BB-BC7B-02513B1F9C64},1943,14483.0395572191,4648506.36869564
1948,CO-030-301-B,Snaggletooth East,162.20685386,,Yes,Yes,No,Yes,Yes,OTHER_USES_PRIORITY,Jeff's Inventory Units,2019/03/06 20:03:26+00,2019/12/19 17:17:36+00,{DE43D0A5-3E81-48AB-BC91-44F91F5C76AD},24,736.506228652547,1.18848463148645
1950,CO-030-301-B,Snaggletooth East,98.04175342,,Yes,Yes,No,Yes,Yes,OTHER_USES_PRIORITY,,2019/03/06 20:03:26+00,2019/12/19 17:17:36+00,{C1104553-73C3-4AAA-9FAD-FB1EA3B7FB57},26,4698.87017702264,396760.899506232
1951,CO-030-301-B,Snaggletooth East,68.74837903,,Yes,Yes,No,Yes,Yes,OTHER_USES_PRIORITY,,2019/03/06 20:03:26+00,2019/12/19 17:17:36+00,{D6D074AF-B9C7-4271-A7FF-BAFDF777DBBA},27,3208.91788432098,278214.819187059
1952,CO-030-301-B,Snaggletooth East,0.42256311,,Yes,Yes,No,Yes,Yes,OTHER_USES_PRIORITY,,2019/03/06 20:03:26+00,2019/12/19 17:17:36+00,{33896812-78D3-48C6-858C-4F2AC703749A},28,223.115798327074,1710.05223939348
1953,CO-030-301-B,Snaggletooth East,0.54296874,,Yes,Yes,No,Yes,Yes,OTHER_USES_PRIORITY,,2019/03/06 20:03:26+00,2019/12/19 17:17:36+00,{984F6AC2-429F-46A5-8910-264E5C0715B7},29,227.570559742346,2197.31654320133
1954,CO-030-301-B,Snaggletooth East,96.86620062,,Yes,Yes,No,Yes,Yes,OTHER_USES_PRIORITY,,2019/03/06 20:03:26+00,2019/12/19 17:17:36+00,{3DDAEB4D-4ACC-48AB-BD9E-973FE697E6FC},30,4157.5346186553,392003.606112077
1955,CO-030-301-B,Snaggletooth East,32.74727514,,Yes,Yes,No,Yes,Yes,OTHER_USES_PRIORITY,,2019/03/06 20:03:26+00,2019/12/19 17:17:36+00,{E2D7ACC3-8A28-448C-97C7-FA4AC561C831},31,1650.67451281914,132523.520701575
1956,CO-030-301-B,Snaggletooth East,78.7808622,,Yes,Yes,No,Yes,Yes,OTHER_USES_PRIORITY,,2019/03/06 20:03:26+00,2019/12/19 17:17:36+00,{F9927350-F112-4528-9E3F-EDB8C9CF0B57},32,5201.61673282284,318814.838156155
1957,CO-030-301-B,Snaggletooth East,560.5368931,,Yes,Yes,No,Yes,Yes,OTHER_USES_PRIORITY,,2019/03/06 20:03:26+00,2020/02/12 22:29:14+00,{3828C629-47C2-44DA-B330-7F0101D8BFAD},39,13204.3773912121,2268412.07961195
1958,CO-030-301-B,Snaggletooth East,177.59784903,,Yes,Yes,No,Yes,Yes,OTHER_USES_PRIORITY,,2019/03/06 20:03:26+00,2019/12/19 17:17:36+00,{9FAB1CFD-EEC4-4F9B-9B57-8292951FB028},38,4748.18225002832,718712.995964622
1959,CO-030-301-B,Snaggletooth East,84.50022978,,Yes,Yes,No,Yes,Yes,OTHER_USES_PRIORITY,,2019/03/06 20:03:26+00,2019/12/19 17:17:36+00,{98B340AD-D3AF-40A8-A89E-552575F6A1A4},37,6383.46641617636,341960.297586095
1960,CO-030-301-B,Snaggletooth East,11.73448342,,Yes,Yes,No,Yes,Yes,OTHER_USES_PRIORITY,,2019/03/06 20:03:26+00,2019/12/19 17:17:36+00,{A407534D-6C4E-422B-9657-C56E5B28DE7F},36,1080.31566088119,47487.7696055084
1961,CO-030-301-B,Snaggletooth East,4.74145383,,Yes,Yes,No,Yes,Yes,OTHER_USES_PRIORITY,,2019/03/06 20:03:26+00,2019/12/19 17:17:36+00,{803D5CAB-A047-4EC7-A886-A30F839BFC94},35,865.211305862206,19187.9828681381
1962,CO-030-301-B,Snaggletooth East,0.45609682,,Yes,Yes,No,Yes,Yes,OTHER_USES_PRIORITY,,2019/03/06 20:03:26+00,2019/12/19 17:17:36+00,{E2BFA8C8-3725-444C-8C32-24579E6A1C9C},34,344.247146313738,1845.75973940248
1963,CO-030-301-B,Snaggletooth East,7006.58682237,,Yes,Yes,No,Yes,Yes,OTHER_USES_PRIORITY,,2019/03/06 20:03:26+00,2019/12/19 17:17:36+00,{5A9A47AA-2ACD-46E1-BC82-0352BF74FA20},33,89116.6358140886,28354650.8812299
1964,CO-030-301-B,Snaggletooth East,11837.31348935,,Yes,Yes,No,Yes,Yes,WILD_PRIORITY,,2019/03/06 20:03:26+00,2021/03/03 13:56:52+00,{C42B76FD-16B1-4AAB-BD80-5C42370AB02C},25,68692.6416828926,43105599.1513214
1965,CO-S05000-007,Adobe Badlands WSA Addition,6179.38954268,,Yes,Yes,Yes,Yes,Yes,OTHER_USES_PRIORITY,Adobe Badlands WSA Addition,2019/03/13 18:08:18+00,2022/08/23 17:55:18+00,{1ED7CFA2-313A-4821-BB40-E7DE98043257},1,39436.1542951177,25007102.2573255
1966,CO-S05000-008,Lower Tabeguache/Campbell Creek,11058.27641374,,Yes,Yes,No,Yes,Yes,OTHER_USES_PRIORITY,Lower Tabeguache/Campbell Creek,2019/03/13 18:13:20+00,2020/04/13 21:01:16+00,{353B3544-E494-49EB-85BF-0CBB10448C82},9,66360.1529428111,44751256.9256077
2367,CO-S05000-004,Roc Creek,1138.38290217,,Yes,Yes,No,Yes,Yes,OTHER_USES_PRIORITY,Roc Creek,2020/04/13 20:33:13+00,2022/08/23 17:57:21+00,{8EB47BC8-4466-4C0E-B598-B8FD5BB6B88D},11,35912.974362355,4606872.15881211
2368,CO-S05000-004,Roc Creek,4337.60312946,,Yes,Yes,No,Yes,Yes,OTHER_USES_WITH_RESTRICT,Roc Creek,2020/04/13 20:44:30+00,2022/08/23 17:57:38+00,{F370346F-8DAA-4C82-8D96-46A26C0BAD84},11,39813.9021404681,17553657.0822941
2370,CO-030-301-B,Snaggletooth East,11837.31348935,,Yes,Yes,No,Yes,Yes,OTHER_USES_PRIORITY,,2021/03/03 13:53:43+00,2021/03/03 13:55:30+00,{513E7B61-C941-493F-85C0-A3C3BEE233D0},25,3730.51467742995,691390.784631161
2371,CO-030-301-B,Snaggletooth East,11837.31348935,,Yes,Yes,No,Yes,Yes,OTHER_USES_PRIORITY,,2021/03/03 13:56:52+00,2021/03/03 13:57:05+00,{8D490380-A29B-42C4-8532-987AD3033E98},25,11955.7115363932,4106917.71275889
2372,COF-020-008,Copper Gulch,663.51576123,,Yes,No,Yes,Yes,Yes,NOT_YET_CONSIDERED,Copper Gulch. Signed PDF not available at this time.,2022/03/10 18:30:38+00,2022/03/10 18:31:35+00,{2A51A26C-0851-4AD6-8940-78C263BB45E4},211,7883.37000675679,2685153.0196848
2373,COF-020-021,East Pierce Gulch,814.54846307,,Yes,No,Yes,Yes,Yes,NOT_YET_CONSIDERED,East Pierce Gulch. Signed PDF not available at this time.,2022/03/10 18:27:09+00,2022/03/10 18:28:28+00,{641E1477-5F7D-440C-9F6B-6EF9DB416194},223,8143.19438458623,3296360.67911687
2375,COF-020-046,Texas Creek Gulch,2417.3770303,Exposed Utility Corridor,Yes,No,Yes,Yes,Yes,NOT_YET_CONSIDERED,Texas Creek Gulch. Signed PDF not available at this time.,2022/03/10 17:56:39+00,2022/03/10 17:58:10+00,{0ACB8008-11B7-4A3E-BEE1-9DAC92A2A3FF},281,18890.1189206296,9782777.76041389
2376,COF-020-017,Cooper Mountain,21751.98349811,Developed Right of Way,Yes,Yes,No,Yes,Yes,NOT_YET_CONSIDERED,Cooper Mountain. Signed PDF not available at this time.,2022/03/10 17:41:21+00,2022/03/10 17:43:44+00,{4BDCB022-CBD3-4470-81CE-8F0BBE8AB946},209,113427.192738891,88027155.8067054
2377,COF-020-022,Badger Creek South,8137.42796545,Developed Right of Way,Yes,Yes,N,Yes,Yes,NOT_YET_CONSIDERED,Badger Creek South. Signed PDF not available at this time.,2021/10/22 18:36:11+00,2022/03/10 18:36:44+00,{737060CB-EE6B-46E6-A041-BE0B8E30CB4B},292,50838.2448952233,32935622.9480101
